,skill,group,feature_0,feature_1,normal_learning_aware0_score,admitted,skillcut,skillround,testcut,testround
0,-1.0625349354118572,A,-2.209308671825623,0.15144257917916026,-0.18805676112770556,False,0.08499999999999999,-1.0625,0.41500000000000004,0.15
1,-1.18646788347035,A,-7.067323296882546,-1.5380238225674694,-0.8352247209909783,False,0.065,-1.1875,0.24,-1.55
2,0.20428166367641504,A,-2.672033590177202,1.6474080043958328,-0.17801204577340385,False,0.605,0.2,0.605,1.65
3,0.6696538183652582,A,5.036437690588752,2.768058927730548,0.7813835150869142,True,0.8,0.675,0.75,2.75
4,1.531835844922367,A,3.1555501267380444,1.9775796429321257,0.5249181477981617,True,0.97,1.5375,0.655,2.0
5,0.8965351260641193,A,-3.6739107054668967,4.728440729623711,-0.16309891068459756,False,0.8699999999999999,0.9,0.865,4.75
6,-1.5914926475572213,A,-4.4962207350002075,-3.9402935439065034,-0.63533511350147,False,0.02,-1.5875,0.09,-3.95
7,0.9572915621683031,A,-0.3041366528412235,-2.2982674738271798,-0.06891265572332188,False,0.885,0.9625,0.19,-2.3
8,0.08824832492289453,A,-1.6104218669768335,2.633605847640424,-0.009892394988921877,False,0.545,0.0875,0.725,2.65
9,-1.487116627343334,A,-2.8361207618098865,-6.161430074427573,-0.5352616163823625,False,0.03,-1.4875,0.025,-6.15
10,-0.34404755714010965,A,-5.463775629141006,3.689489814221047,-0.4195585873298795,False,0.32,-0.35,0.8099999999999999,3.7
11,0.7057321953288552,A,2.2089486225502895,1.804336077169685,0.4055627521960141,True,0.8150000000000001,0.7,0.63,1.8
12,-1.6121513041659887,A,-2.876897502138183,2.4282004301443627,-0.16843880346056597,False,0.02,-1.6125,0.7,2.45
13,1.2114426746688638,A,0.38680091557886054,1.2994161954841226,0.1683937613236975,False,0.945,1.2125,0.5549999999999999,1.3
14,0.18981893442693035,A,-1.0453965296021317,2.017040070859414,0.030200073556235232,False,0.6,0.1875,0.6599999999999999,2.0
15,-0.2726812638323687,A,-0.23343644012101394,2.592810388447288,0.15106074565093058,False,0.36,-0.275,0.72,2.6
16,-0.7425283476670506,A,0.32982626012729854,4.07511336042305,0.28175517560340996,True,0.18,-0.7375,0.8400000000000001,4.1
17,-0.9143440656263335,A,-2.317824986050244,4.7763717310866705,-0.0007766217813719068,False,0.11499999999999999,-0.9125,0.8699999999999999,4.8
18,0.9594358765362894,A,-0.21805987783393,2.034490755964236,0.12872137627728705,False,0.885,0.9625,0.665,2.05
19,0.6157742971195069,A,1.6518620165872822,5.3249812191062516,0.4920571261219217,True,0.775,0.6125,0.905,5.3
20,-0.356788411644322,A,-2.2849941710425026,1.0808688291112023,-0.1567876874300719,False,0.315,-0.3625,0.52,1.1
21,0.1398343502901641,A,-1.100211199456877,0.5289921220380864,-0.04065967527297956,False,0.58,0.1375,0.465,0.55
22,0.35997866398147627,A,0.5541106081716467,4.359797443347088,0.320576053535393,True,0.67,0.3625,0.8550000000000001,4.35
23,-0.20895448865590763,A,0.11863291117224092,6.691141319296178,0.36998429144802386,True,0.38,-0.2125,0.96,6.7
24,0.5482190787716574,A,-1.7947521877853656,1.786721258679784,-0.06831623708371069,False,0.745,0.55,0.625,1.8
25,-0.48979757431794546,A,-2.690467668991073,-0.2584888332829779,-0.26265147319631593,False,0.26,-0.4875,0.375,-0.25
26,0.9771200395445312,A,0.26808594887121207,0.5456377373257317,0.12175203435856465,False,0.89,0.975,0.47000000000000003,0.55
27,0.11986570156809394,A,-1.4413957292131987,2.521717175996644,0.005240397075066993,False,0.5599999999999999,0.125,0.705,2.5
28,-0.3558631149487441,A,-0.574606116896489,1.7892676041153517,0.07597845384960233,False,0.315,-0.35,0.625,1.8
29,-0.32629310564085223,A,-1.199115097273735,1.5658330755201384,-0.007486881947700179,False,0.335,-0.325,0.585,1.55
30,-0.4787831900630451,A,-0.019775336733855953,2.0065695080158155,0.150944588905549,False,0.27,-0.475,0.6599999999999999,2.0
31,-0.1469233105997592,A,-0.3983869079756567,2.6459333562283343,0.13386700137698887,False,0.41,-0.15,0.73,2.65
32,-0.11284238350144543,A,-0.5585153788606427,-0.3405988654287747,-0.01427151373182699,False,0.43,-0.1125,0.365,-0.35
33,-0.4443981924472618,A,-0.3257372609632865,1.3033740044659983,0.08436444713008666,False,0.27999999999999997,-0.45,0.5599999999999999,1.3
34,0.2528187459682082,A,1.5671285366463015,2.721643247701706,0.36940741975081276,True,0.63,0.25,0.74,2.7
35,0.39472091951965504,A,1.0073630263191173,3.4395262981789814,0.3343201263295055,True,0.6849999999999999,0.4,0.795,3.45
36,1.5499789588695265,A,-1.2770533965551467,1.633593639742209,-0.013765093919162382,False,0.975,1.55,0.6,1.65
37,-0.030722525511474166,A,0.8288770762151058,1.90390312021008,0.24678775323097626,True,0.485,-0.025,0.645,1.9
38,1.3949773283240268,A,1.7462089681009063,6.340930215865706,0.5471624326141812,True,0.9650000000000001,1.4,0.9550000000000001,6.35
39,0.06207655976148618,A,-0.1771736627311276,2.555210018708267,0.15608248325792834,False,0.53,0.0625,0.71,2.55
40,-0.03376578080491739,A,-0.4866477461688527,0.9173017532320646,0.04864576192078463,False,0.485,-0.0375,0.5,0.9
41,0.09950067157025132,A,-1.238153063945257,0.6822128782572708,-0.05033095663769007,False,0.545,0.1,0.48,0.7
42,0.42578759288710777,A,-1.0861591498259868,-2.4638024082549634,-0.16848624525081793,False,0.7,0.425,0.18,-2.45
43,-0.08087412982144607,A,-1.5877271920018494,0.1700364574958169,-0.1138000615472023,False,0.45,-0.075,0.425,0.15
44,-0.47275179485399105,A,-2.692147282354624,-1.840781144645878,-0.33130986193283424,False,0.27,-0.475,0.22000000000000003,-1.85
45,-0.007301076355822312,A,1.4325087241241254,0.36364595653187615,0.2514776308564904,True,0.495,-0.0125,0.44000000000000006,0.35
46,-0.5733839548392565,A,-3.0480903142009,-2.7223485933279337,-0.41151375670531287,False,0.23500000000000001,-0.575,0.16,-2.7
47,-0.10558001821760925,A,2.0140697825344485,-2.1032786919220796,0.21346597060871794,False,0.43499999999999994,-0.1,0.205,-2.1
48,0.5357574997333274,A,-2.9286884609848367,-4.0974496778349465,-0.4568995680154643,False,0.74,0.5375,0.08,-4.1
49,0.4954620516034676,A,-1.207189865031576,4.056218370843985,0.09930864193269145,False,0.73,0.5,0.8400000000000001,4.05
50,0.6649800513066374,A,1.8637953171888402,6.013133492885509,0.5468750516659266,True,0.795,0.6625,0.925,6.0
51,-0.2982684463547448,A,1.2096136333817116,1.1367320370610874,0.2585867059355871,True,0.35,-0.3,0.53,1.15
52,1.1777605615006974,A,0.9552773447091063,-1.0009520568213357,0.13604216833873142,False,0.9400000000000001,1.175,0.29,-1.0
53,0.604149334435104,A,1.6351385553162698,7.196254340172458,0.57104395153353,True,0.77,0.6,0.97,7.2
54,0.0494916645552093,A,-0.5530143959158281,2.614776972243546,0.11424666804943844,False,0.53,0.05,0.72,2.6
55,-0.15345886107573437,A,1.1079334711318987,1.6844171868727098,0.2702674743359916,True,0.40499999999999997,-0.15,0.61,1.7
56,0.4477389989312253,A,-1.3065633864160175,1.109353118485328,-0.03993422545115692,False,0.71,0.45,0.525,1.1
57,0.8540304087935671,A,-0.39782619473187775,-0.046926443839383714,0.017423223054377598,False,0.8550000000000001,0.85,0.4,-0.05
58,0.736232153138502,A,-0.0003477257537803924,6.226513169131798,0.3358216297006068,True,0.825,0.7375,0.945,6.25
59,0.7252852382876352,A,-2.332823985735755,-0.8872326933295055,-0.24759217113770537,False,0.82,0.725,0.29500000000000004,-0.9
60,0.5034001093699707,A,-0.8840204719622702,2.9637314095147405,0.09022968023743476,False,0.735,0.5,0.765,2.95
61,-1.1898548712032324,A,-2.814606243600939,-2.5261262859265097,-0.3754331609544801,False,0.065,-1.1875,0.18,-2.55
62,0.8393290947718134,A,1.176210313340313,0.9110303797745428,0.24487416739551518,True,0.8550000000000001,0.8375,0.5,0.9
63,0.7485110555143444,A,-1.8708702855260744,-1.0367710247644433,-0.19947312379583113,False,0.8300000000000001,0.75,0.28500000000000003,-1.05
64,0.5946669271339892,A,-1.0835585363740217,3.9451685061371653,0.10911342671615504,False,0.77,0.6,0.8300000000000001,3.95
65,-0.4098267126260466,A,-2.257873129065481,4.930475609453394,0.0129753844382926,False,0.28500000000000003,-0.4125,0.885,4.95
66,-1.6904660910786389,A,-8.06713611900825,1.7302722783896283,-0.8119654581609259,False,0.015,-1.6875,0.615,1.75
67,0.4100496020708813,A,1.0891476738226835,-0.26152159280627113,0.1838540183319015,False,0.6900000000000001,0.4125,0.375,-0.25
68,-0.13991970570351592,A,-6.055952272202878,-1.9213072942728182,-0.7322943756805068,False,0.41500000000000004,-0.1375,0.22000000000000003,-1.9
69,-0.9593564025595327,A,-3.2471284242015193,-3.3081607262902297,-0.4603799814380963,False,0.10500000000000001,-0.9625,0.12,-3.3
70,-0.18218109122265547,A,-1.8445187887197738,0.9293126507871315,-0.11129403516510511,False,0.395,-0.1875,0.505,0.95
71,0.28905579947215565,A,-1.1435098901574348,0.17970253123828253,-0.0608887392887835,False,0.645,0.2875,0.425,0.2
72,0.5260017181064992,A,-4.364008976274077,7.6308638174181755,-0.11907068097103624,False,0.74,0.525,0.9800000000000001,7.65
73,-1.251005188526601,A,1.520586050295621,7.244934109817646,0.5596134880228737,True,0.05500000000000001,-1.25,0.975,7.25
74,0.6137031827027822,A,2.204485956562428,6.193127747330045,0.5949221076919055,True,0.775,0.6125,0.9400000000000001,6.2
75,-0.9765605589820212,A,-1.1860724375030056,-4.165256968893518,-0.2539086036727465,False,0.10500000000000001,-0.975,0.075,-4.15
76,-0.7719920149430434,A,-3.1205656447692043,-1.9724077353818106,-0.38763100375071363,False,0.16499999999999998,-0.775,0.21000000000000002,-1.95
77,-1.32476795350108,A,-4.210873174660739,-1.7675626434119867,-0.5076096324203399,False,0.04,-1.325,0.225,-1.75
78,1.3556398682122899,A,4.5582608758780205,1.8483393208599943,0.6850845662120442,True,0.96,1.35,0.635,1.85
79,-1.7655789315430177,A,-3.1554831122626896,-2.832358091657855,-0.42896405345964245,False,0.01,-1.7625,0.15,-2.85
80,-0.5360074359800301,A,-3.997239330944609,-2.2152853144317493,-0.501735842206085,False,0.25,-0.5375,0.19,-2.2
81,-0.036543116599556336,A,0.471860423113049,-4.026883023162945,-0.05200394287592753,False,0.48,-0.0375,0.08,-4.05
82,0.5523900600391896,A,-2.4500936267423756,5.812218155827897,0.028410434175326765,False,0.75,0.55,0.9199999999999999,5.8
83,-0.842103165596728,A,-3.162388658092425,0.09996161874403953,-0.3029095027060317,False,0.13999999999999999,-0.8375,0.41500000000000004,0.1
84,-0.7384478665392528,A,-0.7710748180866801,-3.46498645756317,-0.17457027995732755,False,0.18,-0.7375,0.11000000000000001,-3.45
85,-0.8419900937209016,A,-0.285143292981309,8.14512574135872,0.3851786075203456,True,0.13999999999999999,-0.8375,0.985,8.15
86,-0.03735177419172063,A,2.1572738709702945,2.059894376810491,0.4105134108329206,True,0.48,-0.0375,0.675,2.05
87,-1.007326523986568,A,0.8071300618348871,-2.7050489826948803,0.044805678959423834,False,0.1,-1.0125,0.16499999999999998,-2.7
88,1.271556509187591,A,-0.3096534096155654,6.168432226766638,0.29675806625899614,True,0.9550000000000001,1.275,0.9349999999999999,6.15
89,-1.2383898645032831,A,-6.057054520253788,-0.6329116040702562,-0.676680533957084,False,0.05500000000000001,-1.2375,0.32999999999999996,-0.65
90,-0.013555470190187041,A,3.2117403718365267,-0.7069776995052468,0.41540732131094416,True,0.49000000000000005,-0.0125,0.32,-0.7
91,-0.3467157745226331,A,2.940705548705184,-2.561218926015573,0.303153039517097,True,0.32,-0.35,0.175,-2.55
92,0.40166521461309673,A,-0.06539663124981582,-1.4304763430566867,-0.0031546772000693953,False,0.6900000000000001,0.4,0.25,-1.45
93,0.697410039418198,A,1.2931422415075158,5.236600074703627,0.4458433280819391,True,0.8099999999999999,0.7,0.905,5.25
94,0.2513524979555658,A,-3.3014363191564793,4.135468064086836,-0.144739379489762,False,0.63,0.25,0.85,4.15
95,-0.7539986860583564,A,0.03303848617542071,-1.2851769323922042,0.014763954850500485,False,0.175,-0.75,0.26,-1.3
96,-0.5444616611916091,A,-2.9223960691824957,-1.3841309853133674,-0.33876077880468103,False,0.24500000000000002,-0.55,0.255,-1.4
97,0.8906092805834154,A,0.4559215930915275,0.9874692971351562,0.16306496059171086,False,0.865,0.8875,0.505,1.0
98,-0.8198789128406467,A,-0.4274056080519177,1.1845507700538564,0.06720927047369545,False,0.145,-0.825,0.54,1.2
99,0.9955975081173666,A,3.0091126597887325,-2.8252886186103137,0.29981138551931624,True,0.8949999999999999,1.0,0.155,-2.85
100,0.8173423388644878,A,-1.1029067008280302,-0.8553670959826691,-0.10087428188507876,False,0.85,0.8125,0.29500000000000004,-0.85
101,0.6812526147360475,A,1.1954855157846689,1.2695485421233332,0.26266366458406765,True,0.8099999999999999,0.6875,0.55,1.25
102,0.460129198996191,A,-4.238751368616579,-1.3449258159458402,-0.4926180702336739,False,0.72,0.4625,0.255,-1.35
103,1.2982786308061476,A,-2.1503019042031677,13.434369491746327,0.39361895416690873,True,0.9550000000000001,1.3,1.0,13.45
104,-0.07573947065729954,A,1.5641585224255532,-0.18195927407312112,0.24342836125661482,False,0.45499999999999996,-0.075,0.385,-0.2
105,0.9888525215290221,A,0.041011450165990726,2.584925180050995,0.18315105742451293,False,0.8949999999999999,0.9875,0.7150000000000001,2.6
106,0.39219021624773415,A,-2.604338819051484,-1.1637146425712006,-0.29163939420178026,False,0.6799999999999999,0.3875,0.275,-1.15
107,-0.3964604013950337,A,-1.8868627976325585,3.1120904428863483,-0.021857137240357455,False,0.29500000000000004,-0.4,0.77,3.1
108,0.6773067653529744,A,-0.07602065564014127,-0.16713611515761106,0.05024992055920694,False,0.805,0.675,0.385,-0.15
109,0.3895501152724061,A,1.2811771685344981,-3.2796765984776144,0.07596176890934135,False,0.6799999999999999,0.3875,0.125,-3.3
110,-1.6260265109167136,A,-4.09134205782742,0.38125594761117454,-0.40051325806391674,False,0.02,-1.625,0.44000000000000006,0.4
111,-0.03377392826164737,A,0.30089903182489,-4.614948577563967,-0.09764984217955629,False,0.485,-0.0375,0.06,-4.6
112,-1.5336685700859738,A,-0.5253734247378965,6.183925129471722,0.27193677736386773,True,0.025,-1.5375,0.9349999999999999,6.2
113,-0.17534153893485374,A,-2.710606398778753,-2.7212759681004637,-0.3715869129582411,False,0.4,-0.175,0.16499999999999998,-2.7
114,-0.35570814413527607,A,-3.224471506754799,-1.199264290331703,-0.36645850332664215,False,0.315,-0.35,0.265,-1.2
115,-0.7005940259265733,A,-4.192908718770016,-2.624775826921298,-0.5425752040661657,False,0.195,-0.7,0.16999999999999998,-2.6
116,-1.1099116231426154,A,-2.8274148589774555,0.44703858807920605,-0.24830895678468404,False,0.075,-1.1125,0.45,0.45
117,-0.2180489277120974,A,-2.869041439877596,-0.5310669988158028,-0.29554695945041515,False,0.38,-0.2125,0.34500000000000003,-0.55
118,0.9399593484247446,A,2.445751231904007,0.9265617863463727,0.39556765711067077,True,0.8800000000000001,0.9375,0.5,0.95
119,-0.32609129905316897,A,0.854853197114114,1.1621078628554848,0.21776262392079532,False,0.335,-0.325,0.5349999999999999,1.15
120,-1.303447990304364,A,-2.093411787864227,-2.149608666760034,-0.27391917719919145,False,0.045,-1.3,0.2,-2.15
121,-0.24248152268304302,A,0.4104102580934321,2.735393565341722,0.23331307975742177,False,0.37,-0.2375,0.745,2.75
122,0.12677629872814078,A,1.7253763915142764,-1.9559795294887756,0.18572419343512567,False,0.5700000000000001,0.125,0.215,-1.95
123,-1.238403204592264,A,-1.980410373774847,2.037033871938547,-0.07942534674773022,False,0.05500000000000001,-1.2375,0.67,2.05
124,1.307706131456727,A,1.5532895305016827,1.4734194919935732,0.31376606208727914,True,0.96,1.3125,0.575,1.45
125,-0.6788094949122637,A,1.2388523393309954,2.222855537110436,0.3090343685937491,True,0.2,-0.675,0.6799999999999999,2.2
126,0.18546824477365656,A,-3.283828081021965,1.905851601581739,-0.23912583581640226,False,0.6,0.1875,0.645,1.9
127,0.1735929721394655,A,-3.770420091087175,-0.8446493642151525,-0.41563031415447377,False,0.5900000000000001,0.175,0.3,-0.85
128,-0.5378361320678331,A,-5.3727068617511335,0.3994882880786319,-0.5511431430649717,False,0.25,-0.5375,0.445,0.4
129,-0.7158558585687775,A,-2.1276032646692142,-3.9042202464177427,-0.3538751035327443,False,0.19,-0.7125,0.095,-3.9
130,0.13280334318254375,A,-2.595956641121084,3.680941650724265,-0.08103859659052275,False,0.575,0.1375,0.8099999999999999,3.7
131,0.005899572680392342,A,-1.652842959326255,1.1240237102780883,-0.08021930052225312,False,0.505,0.0,0.53,1.1
132,-1.4953282780500212,A,0.3981314251836996,1.217656537860775,0.16619524974019625,False,0.025,-1.5,0.55,1.2
133,-0.37266712050736645,A,-2.3711054969188696,6.856967445943053,0.08294687216626662,False,0.305,-0.375,0.97,6.85
134,1.350806737711243,A,-1.502634144683413,3.973250405317068,0.060806310002847315,False,0.96,1.35,0.8300000000000001,3.95
135,0.12756291455406787,A,-4.034958130711103,-0.3508774910102677,-0.42552706943518936,False,0.5700000000000001,0.125,0.36,-0.35
136,0.07349110786755214,A,0.731940042408068,1.0491860483592257,0.19835228331821728,False,0.5349999999999999,0.075,0.52,1.05
137,-0.8930372008149327,A,1.855609464609702,-4.36299622384708,0.09697115195560697,False,0.12,-0.8875,0.065,-4.35
138,0.5635091134663784,A,-1.4632650904203262,8.925196204079844,0.2797108414532259,True,0.76,0.5625,0.9949999999999999,8.95
139,0.6717258360423407,A,0.9942279806153427,1.0838963873075744,0.23084860602357726,False,0.8,0.675,0.525,1.1
140,-0.9951253157000332,A,-4.430238834293669,0.36123216249662404,-0.44142700570895904,False,0.1,-1.0,0.44000000000000006,0.35
141,-0.10687364794059251,A,-1.9037261770425917,5.08742084145063,0.06161532581467561,False,0.43,-0.1125,0.8949999999999999,5.1
142,2.099286740708182,A,2.7719821618563723,-0.7184259839773444,0.3629458197860691,True,1.0,2.1,0.32,-0.7
143,-1.2462039716934123,A,-3.8122435901415175,-7.478163901264074,-0.7075801181950014,False,0.05500000000000001,-1.25,0.01,-7.5
144,0.6363019025273762,A,-0.15423639844307724,-0.47004848019218093,0.027901282772218865,False,0.78,0.6375,0.34500000000000003,-0.45
145,-0.6756340901206392,A,0.22670346581344547,3.8181105093578562,0.2584496085054484,True,0.2,-0.675,0.8150000000000001,3.8
146,0.9835750066508068,A,0.6422926425340676,0.546144171496471,0.16599390757832663,False,0.8949999999999999,0.9875,0.47000000000000003,0.55
147,0.2052864529353294,A,3.0033174369694837,2.7755554955305297,0.5414542785797848,True,0.605,0.2,0.75,2.8
148,-2.1142899780177378,A,-0.7223187627143748,1.1935563505705602,0.03274905511537383,False,0.005,-2.1125,0.545,1.2
149,0.8768537438189401,A,1.0901342834223262,-4.974066619623256,-0.01992370712364537,False,0.865,0.875,0.05,-4.95
150,-0.6805585144398588,A,-4.35944770458949,1.5750375960499041,-0.3805447751058195,False,0.2,-0.675,0.5900000000000001,1.6
151,-1.5101223560880586,A,-3.4090656056870743,-3.231305218207191,-0.4761908271741106,False,0.025,-1.5125,0.135,-3.25
152,-0.8091092451845667,A,-2.788790328043004,-1.7577982142571882,-0.33913979640051706,False,0.15,-0.8125,0.225,-1.75
153,1.6317689663993848,A,-2.96166411739099,0.28725279321576336,-0.2710865137497053,False,0.9800000000000001,1.6375,0.43499999999999994,0.3
154,-0.358490789968105,A,0.6149075278935949,4.91311552258677,0.3517004358402114,True,0.31,-0.3625,0.885,4.9
155,-1.90242168870701,A,-4.183596071730365,-0.652464523194372,-0.45614014800972363,False,0.01,-1.9,0.325,-0.65
156,0.6595536404959131,A,2.3539894207706364,7.27464744228489,0.6593822533788886,True,0.79,0.6625,0.975,7.25
157,-0.7760647106759738,A,-4.910551324824985,-3.5520453709273707,-0.6674984555250211,False,0.16499999999999998,-0.775,0.10500000000000001,-3.55
158,0.9905226938475327,A,-0.16211208051481418,-2.9795415840147865,-0.08160582779431509,False,0.8949999999999999,0.9875,0.145,-3.0
159,1.517327241912067,A,-1.3654698952280977,-1.5851986556972355,-0.16347844395694736,False,0.97,1.5125,0.24,-1.6
160,0.4158675652989231,A,2.8063484220747585,-1.677796482932815,0.32549848000458675,True,0.6950000000000001,0.4125,0.22999999999999998,-1.7
161,0.5163841378226302,A,0.4405849393968497,0.827193751925559,0.15431810269057047,False,0.735,0.5125,0.49000000000000005,0.85
162,-0.01982846773246454,A,-0.842946805927696,1.5288291944167738,0.033000463391745734,False,0.49000000000000005,-0.025,0.58,1.55
163,-0.7233077506653613,A,-2.883591210901458,-3.548485304907776,-0.4278187825505655,False,0.185,-0.725,0.10500000000000001,-3.55
164,0.6367220694754169,A,0.45271097342807676,-5.105907117919519,-0.10095219440075372,False,0.78,0.6375,0.045,-5.1
165,0.7450398858384429,A,-1.5145568273592285,1.654645708449333,-0.040920002068269706,False,0.8300000000000001,0.75,0.605,1.65
166,-1.8827547410511118,A,-0.5119132685554277,-5.055998240795619,-0.21278235780255142,False,0.01,-1.8875,0.045,-5.05
167,-0.14323113924202485,A,-1.8575551477436862,3.6265910086186497,0.0038666721155726272,False,0.41500000000000004,-0.1375,0.805,3.65
168,0.7519722450287047,A,-2.1114768264574284,1.384931727590796,-0.12312749107960105,False,0.8300000000000001,0.75,0.5650000000000001,1.4
169,0.6142394700064112,A,0.7235189257575487,2.231995830381047,0.2485329452625475,True,0.775,0.6125,0.6849999999999999,2.25
170,-0.4461493775643356,A,-4.924339210454051,0.5497649334302004,-0.49165767752238154,False,0.27999999999999997,-0.45,0.475,0.55
171,0.3981588470551779,A,-1.02107584062002,4.050350027989177,0.12104781327383003,False,0.6849999999999999,0.4,0.835,4.05
172,-0.6521755533309511,A,-3.453868915660267,3.5466366274986307,-0.18822887013394327,False,0.21000000000000002,-0.65,0.8,3.55
173,1.5505913832765386,A,-0.7099115723175997,3.6531288046258545,0.14063177247015138,False,0.975,1.55,0.8099999999999999,3.65
174,0.5349790607767889,A,-3.575124922104137,4.102518484614752,-0.17850673590833385,False,0.74,0.5375,0.845,4.1
175,-1.1877676274451776,A,-1.548950410073783,-0.3523004328317315,-0.1318173901205558,False,0.065,-1.1875,0.355,-0.35
176,-0.646840852758809,A,-2.302807387970736,-4.287434413282314,-0.39115920761115774,False,0.21000000000000002,-0.65,0.06999999999999999,-4.3
177,0.6537966703487774,A,0.975792333108848,-0.7807807258435759,0.1479924175494165,False,0.79,0.65,0.31,-0.8
178,0.6492391235011106,A,3.087482496006025,2.413914267494607,0.5357531816745672,True,0.7849999999999999,0.65,0.6950000000000001,2.4
179,0.2530043781864579,A,-0.0058037226946855425,-3.314217450003885,-0.07761506840806545,False,0.63,0.25,0.12,-3.3
180,0.8911147855217821,A,2.4072192984875236,2.6669541817468048,0.4663146552034866,True,0.865,0.8875,0.73,2.65
181,-0.026590568033296527,A,0.01387133388453627,-0.13755417166811124,0.06215234733869329,False,0.485,-0.025,0.39,-0.15
182,-1.255273926330566,A,-2.5550003067991804,3.536220915032869,-0.08246031979961758,False,0.05,-1.25,0.8,3.55
183,0.10310223225337507,A,-0.08642834245614954,-6.290894789573351,-0.21593223849776336,False,0.55,0.1,0.02,-6.3
184,0.4525256064484638,A,-3.5687800346386314,3.9374582740359956,-0.1848985032913345,False,0.7150000000000001,0.45,0.825,3.95
185,0.8587249134316935,A,0.7977237910824955,-6.580041983972109,-0.12396240789566869,False,0.86,0.8625,0.02,-6.6
186,-0.06662791004658832,A,-2.1604509256091933,-0.8073967509563159,-0.22376866198425663,False,0.45999999999999996,-0.0625,0.305,-0.8
187,0.9154940719627351,A,-2.709886282537103,-3.7045409914769882,-0.41404404096791786,False,0.875,0.9125,0.095,-3.7
188,-0.578804940712527,A,-2.1978565888822352,12.417758514809039,0.34401444301010015,True,0.23500000000000001,-0.575,1.0,12.4
189,0.3694460726857049,A,1.325261832522562,3.1393234538000407,0.35889752985975043,True,0.67,0.375,0.77,3.15
190,-0.42575875158616844,A,1.0791360776793553,-0.5796565963727509,0.16890642965774205,False,0.28500000000000003,-0.425,0.335,-0.6
191,-0.8842520105175758,A,-2.808037849850837,0.16435938061073274,-0.25824965681957135,False,0.125,-0.8875,0.42000000000000004,0.15
192,-0.8340390753347054,A,-4.4718182024628,1.648827160647039,-0.39063098355673975,False,0.13999999999999999,-0.8375,0.605,1.65
193,-8.412991372663498e-05,A,0.22833379183378538,-0.5827105438683485,0.0682350890153802,False,0.505,-0.0,0.335,-0.6
194,0.0027586046058769116,A,-3.180038536101837,-0.3268684650763243,-0.32346253851094164,False,0.505,0.0,0.37,-0.35
195,-0.6784950683890971,A,-3.7232792210150008,-2.183138920983713,-0.46797115271374673,False,0.2,-0.675,0.195,-2.2
196,-0.803517017118743,A,-3.203079522581922,-0.7709509365380296,-0.34539908768896455,False,0.15,-0.8,0.31,-0.75
197,0.3187694616296086,A,3.0560615404260885,-0.8939673914242872,0.3889204226396503,True,0.655,0.325,0.29,-0.9
198,0.6697448854971514,A,0.755650429232913,3.2568347675413536,0.29667089414733216,True,0.8,0.675,0.78,3.25
199,0.8023800332095741,A,0.901151813961867,-2.1294024738265187,0.08082230405019561,False,0.845,0.8,0.2,-2.15
200,0.38305727222785224,A,3.0928397330360773,0.901882468604722,0.47096624804398457,True,0.675,0.3875,0.495,0.9
201,0.9993264555604818,A,-1.531374813882834,-0.15946408047867788,-0.12139717150413883,False,0.9,1.0,0.39,-0.15
202,-0.39643003365260887,A,-1.7296583224759243,0.797687948720127,-0.10341589894134152,False,0.29500000000000004,-0.4,0.49000000000000005,0.8
203,-1.3791207203543399,A,-1.0570689251248921,1.17183003600645,-0.007748349749686778,False,0.034999999999999996,-1.375,0.54,1.15
204,0.15821193675387243,A,-1.474594132089877,-1.4500149064023453,-0.17052474386903801,False,0.585,0.1625,0.25,-1.45
205,-0.31405275101907276,A,-1.316071036320832,-0.7603252989940061,-0.1219517813367147,False,0.33999999999999997,-0.3125,0.315,-0.75
206,0.5892984332853355,A,-2.5604605172233135,5.378293908072537,-0.003405898379932392,False,0.77,0.5875,0.915,5.4
207,-0.7035063092754349,A,-3.4756890991519476,5.7013441792181085,-0.09758116913494304,False,0.19,-0.7,0.9199999999999999,5.7
208,0.11544830776041357,A,-2.504337672367607,-2.6884944024699178,-0.34579382488423965,False,0.5599999999999999,0.1125,0.16499999999999998,-2.7
209,-0.6410916797820194,A,0.9887214546216565,4.906742959954669,0.3955982672052281,True,0.215,-0.6375,0.8800000000000001,4.9
210,-0.17445263778524336,A,2.0366870035193045,-1.8506863272108722,0.22706737806419763,False,0.4,-0.175,0.22000000000000003,-1.85
211,-1.1049731024309764,A,-3.002655161005121,-4.490277703032692,-0.4826364134258127,False,0.075,-1.1,0.06,-4.5
212,-0.0025294449552464345,A,0.553754472773297,-2.088474990285418,0.04154118057469797,False,0.5,-0.0,0.205,-2.1
213,-0.004365940112535794,A,-1.396290705071601,-2.17424735411336,-0.19260648395381716,False,0.5,-0.0,0.2,-2.15
214,-0.7396284789099744,A,-3.014763689700996,2.6861339193805835,-0.17357061121317147,False,0.18,-0.7375,0.735,2.7
215,0.014143385599976728,A,-0.7567911566177582,0.07701680226365817,-0.019633061234574648,False,0.51,0.0125,0.40499999999999997,0.1
216,0.5557449010355061,A,-1.5838638360920383,2.3431293795392136,-0.019321873008927428,False,0.755,0.55,0.6900000000000001,2.35
217,-0.2281218983031993,A,-4.793200887983823,3.9095053817571537,-0.33079759165221667,False,0.375,-0.225,0.825,3.9
218,-0.7826113317651157,A,-4.688455150462165,-0.3365806292471355,-0.5021321645645519,False,0.16,-0.7875,0.365,-0.35
219,-2.0486620346876196,A,-2.8170976692039797,3.7389893028765875,-0.10465930007127644,False,0.005,-2.05,0.8150000000000001,3.75
220,-0.13572613721106905,A,1.5165509290335997,6.2338077437185,0.5153889773718079,True,0.42000000000000004,-0.1375,0.95,6.25
221,-0.8453159273425355,A,-5.067751821499825,-9.569305330020384,-0.9464193002424902,False,0.135,-0.85,0.0,-9.55
222,0.8584284690425487,A,-1.6494030825116406,1.331230578952058,-0.07084773938409841,False,0.86,0.8625,0.5599999999999999,1.35
223,-0.49785609118988017,A,-2.5617518801258603,-3.331610172222524,-0.38040368491663246,False,0.26,-0.5,0.11499999999999999,-3.35
224,-1.3293683279048554,A,-4.980282270160087,4.161237207290901,-0.3420134762031675,False,0.04,-1.325,0.8550000000000001,4.15
225,0.21353410971243664,A,-0.6482418743158096,6.2188218612788795,0.25892727881313876,True,0.61,0.2125,0.9400000000000001,6.2
226,1.907275152294412,A,5.4432399092019,-1.2316290710805973,0.6564036480489024,True,0.9949999999999999,1.9125,0.265,-1.25
227,-0.4261532199145328,A,0.6277743323952816,6.103402773318489,0.4047202112513058,True,0.28500000000000003,-0.425,0.93,6.1
228,0.43118145860466817,A,-0.39349156145967734,2.0523606226167916,0.10876379725177363,False,0.705,0.425,0.67,2.05
229,0.7675053709971473,A,-1.987025954457198,5.150664436890398,0.054508116136932926,False,0.835,0.7625,0.9,5.15
230,0.21778305291495959,A,-0.2705810569389221,-3.368894183194236,-0.11126943444519925,False,0.615,0.2125,0.11499999999999999,-3.35
231,-0.6542829623791209,A,-0.039235617496621744,1.5819327709801343,0.13027251598233314,False,0.21000000000000002,-0.65,0.5900000000000001,1.6
232,-0.39425115502215546,A,-0.8274141659688695,-3.933593792576186,-0.2015027923689657,False,0.3,-0.4,0.09,-3.95
233,0.3697352046592023,A,0.6230146557089826,-4.023837453645752,-0.034010294221757026,False,0.67,0.375,0.08499999999999999,-4.0
234,0.4499250245435694,A,-2.3581592628746804,0.5407894187210827,-0.18880082719172137,False,0.71,0.45,0.47000000000000003,0.55
235,-0.12755454400435667,A,4.305599796688712,1.7122330478097465,0.6493388230093488,True,0.42000000000000004,-0.125,0.615,1.7
236,-1.991432808481573,A,-3.4159224099674907,-0.39647799813449525,-0.3543486544428363,False,0.005,-1.9875,0.35,-0.4
237,-0.7534741422557458,A,-2.83632402667165,6.496311741299314,0.012367820072027167,False,0.175,-0.75,0.9550000000000001,6.5
238,0.5510242260378837,A,-1.1645866138750982,1.5610823780751226,-0.003612200085752181,False,0.75,0.55,0.585,1.55
239,1.6747095016315505,A,1.7213270284583715,5.3231651452272395,0.5001872237689282,True,0.985,1.675,0.905,5.3
240,0.9980193420448733,A,2.0538245777358393,-0.08521395973602108,0.3054779526356141,True,0.9,1.0,0.395,-0.1
241,0.41944600422055295,A,-0.8721465409769729,6.230889087600645,0.2329905943042328,False,0.6950000000000001,0.425,0.945,6.25
242,0.5742576786306076,A,1.4127499824926804,3.8389447522862374,0.39950600843560574,True,0.765,0.575,0.82,3.85
243,1.128451028381361,A,0.5518935124693236,4.834562079901575,0.34085536134268196,True,0.93,1.125,0.875,4.85
244,0.20608784525318594,A,-2.9877935949717944,2.5665455569014957,-0.17555770233172463,False,0.61,0.2,0.7150000000000001,2.55
245,-0.7542865516306754,A,-3.337221544088811,-4.952303853524022,-0.5421622389960553,False,0.16999999999999998,-0.75,0.05500000000000001,-4.95
246,-0.46983595530460354,A,-1.7198029629719112,4.999727284036049,0.07955533635367544,False,0.275,-0.475,0.89,5.0
247,-0.7979516486856691,A,-3.4933700981199505,1.950842938030398,-0.261940783778456,False,0.155,-0.8,0.65,1.95
248,0.6246756433366343,A,-3.427858045826457,0.5946929330623109,-0.3128748038331631,False,0.775,0.625,0.475,0.6
249,0.6704729039821924,A,0.1771682853085194,-0.5296453730351673,0.06448479979778889,False,0.8,0.675,0.34500000000000003,-0.55
250,-0.16604983756514985,A,0.451629344514273,2.3074196497703556,0.2196670933184245,False,0.4,-0.1625,0.6900000000000001,2.3
251,1.4692941805248079,A,-4.715631317521157,4.207382555696525,-0.30874316598544393,False,0.97,1.475,0.8550000000000001,4.2
252,0.11538234426664509,A,0.18151112308081951,-1.6550313505625678,0.016306722762222503,False,0.5599999999999999,0.1125,0.22999999999999998,-1.65
253,-0.37753088440008853,A,-2.075252376645667,7.28565298338186,0.13645543150555464,False,0.305,-0.375,0.9800000000000001,7.3
254,0.24537266213262254,A,-1.6393605594623413,4.371380871480584,0.06187499133268665,False,0.63,0.25,0.86,4.35
255,-0.08913744676971533,A,-3.157260195038771,-3.102030329649192,-0.4408417668476422,False,0.445,-0.0875,0.13999999999999999,-3.1
256,-0.06656159236152162,A,-2.780252829112379,2.306822459597925,-0.16226988741452428,False,0.45999999999999996,-0.0625,0.6900000000000001,2.3
257,0.4649466612341501,A,-1.6495404194812517,3.994353815657069,0.04435947865871732,False,0.725,0.4625,0.835,4.0
258,0.07653156341954565,A,0.27934926029427287,-2.320709490615632,-0.0009331755556826416,False,0.54,0.075,0.185,-2.3
259,0.03589033155074345,A,0.6774688640620898,5.083538729849337,0.36646688063701216,True,0.52,0.0375,0.8949999999999999,5.1
260,0.9483904664021264,A,2.889678836303284,0.26552543924373084,0.4194259442215851,True,0.8800000000000001,0.95,0.43,0.25
261,1.0583871360597075,A,-0.6829013779519766,4.503960152114496,0.18063587500151526,False,0.915,1.0625,0.86,4.5
262,-0.8051837537681588,A,-3.4514208691584507,-3.6154967232520594,-0.4978184826484104,False,0.15,-0.8,0.1,-3.6
263,-0.891058871972273,A,0.03577209198862363,2.646782503441565,0.18520825961592752,False,0.125,-0.8875,0.73,2.65
264,-0.36350298262017844,A,-2.936428308389808,0.09666657837369225,-0.27635035847848094,False,0.305,-0.3625,0.41,0.1
265,-0.356323159447058,A,2.8718504933641134,-0.7571509284419037,0.3730717645082579,True,0.315,-0.3625,0.315,-0.75
266,0.4300268460889952,A,-2.48209371580203,-0.667157821639388,-0.2557095358992563,False,0.7,0.425,0.325,-0.65
267,-0.8898098646647035,A,-0.9027303786635572,-0.22598132601514742,-0.04998828538508804,False,0.125,-0.8875,0.38,-0.25
268,1.1759535264556227,A,-1.6655489887253883,1.9236339213730553,-0.04712460780842484,False,0.9349999999999999,1.175,0.645,1.9
269,0.4314726633962552,A,0.4608416789633242,1.0618823983896872,0.1668659449658937,False,0.705,0.4375,0.52,1.05
270,-0.00351637916599086,A,-1.875157487381941,-1.9484266417439724,-0.2394236930686427,False,0.5,-0.0,0.215,-1.95
271,1.1060115107538777,A,-2.7367444285483264,3.555250826321739,-0.1031136480867748,False,0.925,1.1,0.8,3.55
272,1.0750260625567425,A,2.8230061980725973,6.020364365851975,0.6605377434862295,True,0.9199999999999999,1.075,0.93,6.0
273,0.19373704827066007,A,-0.1394184989200788,3.2264103679883367,0.18958435174442753,False,0.6,0.1875,0.78,3.25
274,-0.2618354378203149,A,-0.29286488763158947,-3.1090731635722078,-0.10266122203284513,False,0.365,-0.2625,0.135,-3.1
275,0.8794790456974343,A,0.9642353365476208,2.6229943869984464,0.2938954303940999,True,0.865,0.875,0.725,2.6
276,0.8936753060543776,A,-0.9662556240992066,3.2220665427197233,0.09168916314681869,False,0.8699999999999999,0.8875,0.775,3.2
277,-1.5681035298938284,A,-4.187050066233284,3.2653960182072543,-0.28703703803284486,False,0.02,-1.5625,0.7849999999999999,3.25
278,-0.8434697538314082,A,-0.6736980043314829,-1.457417130049017,-0.07620320782729685,False,0.135,-0.8375,0.24500000000000002,-1.45
279,0.6477548936181186,A,1.6799551871222336,1.959463148692418,0.34976343111741465,True,0.7849999999999999,0.65,0.655,1.95
280,-0.31982573451468965,A,2.542027213335918,-8.007590898612335,0.020396988477981975,False,0.33999999999999997,-0.325,0.005,-8.0
281,1.3165751560984542,A,-3.622569322963437,4.781196456166294,-0.1547493611902279,False,0.96,1.3125,0.875,4.8
282,-0.8990218809956235,A,-3.24538648658815,-3.3080095034038766,-0.46016759401946766,False,0.12,-0.9,0.125,-3.3
283,-0.7828163878394652,A,0.7827498520839211,-2.0698181924853687,0.06940874837148986,False,0.16,-0.7875,0.21000000000000002,-2.05
284,-0.5839360439412374,A,1.0336378377348017,1.003642630583618,0.23203338242360666,False,0.23500000000000001,-0.5875,0.51,1.0
285,0.4380683146248828,A,0.384916249234681,-1.1428922632577727,0.06250143834849033,False,0.71,0.4375,0.275,-1.15
286,1.285747827081556,A,1.07548899840749,2.353646290055515,0.2953885714009891,True,0.9550000000000001,1.2875,0.6950000000000001,2.35
287,0.6615462241313675,A,-1.8610412222025947,1.7197483554805575,-0.07904727328275188,False,0.795,0.6625,0.615,1.7
288,-0.242366204811806,A,-2.502225076415803,-4.4211843597140135,-0.4205112359923657,False,0.37,-0.2375,0.065,-4.4
289,-1.0122053470046715,A,-3.981258299413017,1.380330120724619,-0.34427844583862544,False,0.095,-1.0125,0.5650000000000001,1.4
290,-0.2940762416802398,A,1.1920363956015947,2.5228961420636695,0.31648377606102857,True,0.355,-0.3,0.705,2.5
291,0.8643259427418296,A,-0.23448771368422838,0.7032337522162899,0.06918155678931141,False,0.86,0.8625,0.485,0.7
292,-0.687671012719272,A,-1.5741545615191908,1.790789039518718,-0.04207224334835168,False,0.195,-0.6875,0.625,1.8
293,-0.19559774052954945,A,0.8422098554528878,-3.513429653643065,0.013975426165105135,False,0.39,-0.2,0.10500000000000001,-3.5
294,-0.922795730309651,A,-1.4516770511785069,-3.2769868354036973,-0.24686292199277635,False,0.11499999999999999,-0.925,0.125,-3.3
295,0.19520089988706915,A,0.8690290553003913,5.363459166050436,0.401214643451853,True,0.605,0.2,0.9099999999999999,5.35
296,0.042656714453510866,A,-0.3711766728270868,-0.12405337999521475,0.01723539802615883,False,0.525,0.0375,0.395,-0.1
297,1.7734268280811363,A,0.299051394221983,2.703818795616292,0.21878769273354245,False,0.99,1.775,0.74,2.7
298,0.9679390552149597,A,-1.1450238876181449,5.409069914201805,0.16518764780784795,False,0.885,0.9625,0.915,5.4
299,-0.06021374211892823,A,-2.249462523808408,6.824619941781245,0.09592185191272118,False,0.465,-0.0625,0.9650000000000001,6.8
300,-0.6313326247533482,A,-2.6342614869116527,-3.2455090397829673,-0.3852468606849042,False,0.22000000000000003,-0.6375,0.13,-3.25
301,-0.932964456385198,A,-0.3457380071035151,2.937816129209767,0.1527171989453663,False,0.11000000000000001,-0.9375,0.76,2.95
302,-0.13646507712583908,A,-0.7095824012858631,-1.6265398561208992,-0.08776097481470269,False,0.42000000000000004,-0.1375,0.23500000000000001,-1.65
303,0.27356779333001685,A,-1.5234320088861173,3.615256232468176,0.042859551129163585,False,0.64,0.275,0.805,3.6
304,0.3231879590747425,A,0.31010903807002255,5.51631686551079,0.34178071436726115,True,0.6599999999999999,0.325,0.915,5.5
305,0.6894177651831324,A,0.8105503973155878,4.697320081241769,0.36548286416415576,True,0.8099999999999999,0.6875,0.865,4.7
306,-0.9981255504305728,A,-2.868100632015695,3.065798297652834,-0.13981278771897365,False,0.1,-1.0,0.77,3.05
307,-0.9132190013309599,A,-0.08432174312237228,0.6938810265333725,0.08652199446805289,False,0.11499999999999999,-0.9125,0.48,0.7
308,-0.20288137558051828,A,1.286454571783787,0.5266882342358037,0.2412726621159015,False,0.39,-0.2,0.45999999999999996,0.55
309,1.2145291645189138,A,-0.7470477122327348,-4.022097982337273,-0.19583514526690726,False,0.945,1.2125,0.08499999999999999,-4.0
310,0.538670444066294,A,-3.2550370209897723,1.735587320636772,-0.24309030237227086,False,0.745,0.5375,0.62,1.75
311,0.6564777627649426,A,-2.1580078100252162,4.840625943834193,0.020888996456326372,False,0.79,0.6625,0.8800000000000001,4.85
312,0.7155851895841849,A,-1.140989064708975,2.5182469482489998,0.040589274002512415,False,0.82,0.7125,0.7,2.5
313,-0.8606130963775742,A,-1.2720883139258752,1.6459177061356716,-0.012645154118765033,False,0.13,-0.8625,0.6,1.65
314,-0.5541150873796757,A,-2.2352865748521586,4.155767222798094,-0.017874318385129994,False,0.24500000000000002,-0.55,0.85,4.15
315,0.6654220638109661,A,-0.3669486466968951,0.6305435849813472,0.050383630217946854,False,0.795,0.6625,0.48,0.65
316,0.10621827952102125,A,-6.022245205595919,1.9878224788696395,-0.5591776953135845,False,0.55,0.1,0.655,2.0
317,-0.6623750384012743,A,-2.1557827063714,-0.8537446988544144,-0.22522232254840854,False,0.205,-0.6625,0.3,-0.85
318,-0.07557965366815325,A,-2.7977133162510976,1.1665197306467205,-0.2136698532404338,False,0.45499999999999996,-0.075,0.5349999999999999,1.15
319,0.2277932070526672,A,-0.6399346295472197,2.036564355613088,0.07895820262962562,False,0.62,0.225,0.665,2.05
320,0.8799503521478259,A,-2.8536317028383613,-6.061478880270245,-0.5330063654732408,False,0.865,0.875,0.03,-6.05
321,-0.37088879464290875,A,-1.001066650200721,8.161723937951388,0.30129616952203786,True,0.305,-0.375,0.99,8.15
322,-0.8094438155181566,A,-0.7935141474333246,5.235279010854234,0.1992062264999517,False,0.15,-0.8125,0.9,5.25
323,-0.296337177514003,A,-2.215645938150775,8.380150585579354,0.16721998502931087,False,0.35,-0.3,0.99,8.4
324,-0.6527285279917351,A,-1.2585268499778661,-3.4490471797573465,-0.2314827968429907,False,0.21000000000000002,-0.65,0.11499999999999999,-3.45
325,1.587567604177929,A,3.1519493739921574,-4.849248658907628,0.22912115295631008,False,0.975,1.5875,0.06,-4.85
326,-0.06367620969258438,A,-1.2834998962394442,1.9013176095901552,-0.002943454642470604,False,0.465,-0.0625,0.64,1.9
327,-0.09343377156293971,A,-2.374453268840047,4.834271974497303,-0.004963251013267467,False,0.44000000000000006,-0.0875,0.875,4.85
328,0.1466680161143816,A,-1.4101593425755363,6.196626866940182,0.16793128480616265,False,0.58,0.15,0.9400000000000001,6.2
329,0.2790630921802772,A,0.18490647964115742,2.551969900861747,0.19872926392991308,False,0.645,0.275,0.71,2.55
330,1.0578542965275977,A,2.1729220998529493,1.4153763156463945,0.38447665854625285,True,0.915,1.0625,0.575,1.4
331,1.001770862037308,A,0.29064541916540465,-0.7848749096401884,0.06685154587907213,False,0.9,1.0,0.31,-0.8
332,0.1872351662121927,A,-0.8995065558639193,1.4644511047532005,0.02353140355434939,False,0.6,0.1875,0.575,1.45
333,1.5974673592213504,A,-0.23648946603361454,2.6680339087772813,0.15395461215016593,False,0.9800000000000001,1.6,0.735,2.65
334,0.13460140000264129,A,0.2108725549628997,-3.5093325134316453,-0.06045236155565936,False,0.575,0.1375,0.11000000000000001,-3.5
335,0.5490897977364052,A,0.3964787435757253,1.3576971087888006,0.1720589877038046,False,0.745,0.55,0.5650000000000001,1.35
336,-0.4878219752676038,A,0.0854193838649821,-0.5502112469314795,0.052753033782154506,False,0.265,-0.4875,0.33999999999999997,-0.55
337,-0.30713047230799145,A,1.6640933217159037,1.4111042751426133,0.3241635853855252,True,0.34500000000000003,-0.3125,0.5700000000000001,1.4
338,0.024093022562471804,A,-2.445513525382528,3.171422800927675,-0.08530573843110259,False,0.515,0.025,0.775,3.15
339,-0.33593378370710353,A,-0.5655159115237005,-6.58088164146397,-0.28509261468746494,False,0.325,-0.3375,0.015,-6.6
340,0.9026480196611668,A,3.2778578354183434,1.037782787702503,0.49870971764132666,True,0.8699999999999999,0.9,0.515,1.05
341,0.156949703046539,A,-1.7261104561303928,1.683407256705926,-0.06467486457936227,False,0.585,0.1625,0.61,1.7
342,0.3174588485311951,A,-1.7622577229936536,4.972591249832498,0.07336438690271406,False,0.655,0.3125,0.885,4.95
343,-0.09931287587728468,A,-0.08697680305829172,-4.990521676474,-0.1597347371911269,False,0.44000000000000006,-0.1,0.05,-5.0
344,-0.1478468986131199,A,-0.7293161293928678,-0.5432035044061727,-0.043220968575215096,False,0.41,-0.15,0.33999999999999997,-0.55
345,0.5686407814638283,A,-2.0187860051984146,0.4548401991156927,-0.1524158319696036,False,0.76,0.5625,0.45499999999999996,0.45
346,0.11431586583477663,A,-0.8483230584207218,3.520227366270868,0.11852555175305195,False,0.5549999999999999,0.1125,0.795,3.5
347,0.588056633517426,A,0.1627761549335417,5.867523267753319,0.33956580066741965,True,0.765,0.5875,0.925,5.85
348,0.1062880376216036,A,1.3280476409619832,-5.868703888867045,-0.03051714364317896,False,0.5549999999999999,0.1125,0.034999999999999996,-5.85
349,-0.039020488280343095,A,-2.812272858276673,-5.117644772339353,-0.48728280073255237,False,0.475,-0.0375,0.04,-5.1
350,0.4234496174188058,A,-1.0525007259551569,-4.449677331379479,-0.250430262242717,False,0.7,0.425,0.065,-4.45
351,-0.8326817164950724,A,-1.0059842252953588,-1.7213984164237102,-0.12689092150480422,False,0.145,-0.8375,0.22999999999999998,-1.7
352,-0.06883310426929011,A,-1.7830009607560335,-5.775422372532185,-0.3941134523566887,False,0.45999999999999996,-0.075,0.034999999999999996,-5.8
353,-0.15367403840593025,A,-0.2247469526290723,2.944240538026574,0.1672926581525647,False,0.40499999999999997,-0.15,0.76,2.95
354,0.6462725541168288,A,-1.4016110403989532,4.751659166893113,0.10642305334289495,False,0.7849999999999999,0.65,0.8699999999999999,4.75
355,0.15703445470188385,A,-3.5837462211493047,0.1540250428142855,-0.3503621537048764,False,0.585,0.1625,0.42000000000000004,0.15
356,0.43445584542473736,A,-2.1778047724888125,1.8469566804040944,-0.11097535381704457,False,0.705,0.4375,0.635,1.85
357,0.02704607124580718,A,-1.5424044781511945,-5.163985011332703,-0.33922757113085383,False,0.515,0.025,0.04,-5.15
358,-0.8587575792302001,A,-2.7750128710541047,0.3082911040243447,-0.24811970802832511,False,0.13,-0.8625,0.43499999999999994,0.3
359,0.26701716378648616,A,-0.7542938015517344,-0.7365130339512289,-0.05453636227127354,False,0.64,0.2625,0.315,-0.75
360,-0.00643085807920565,A,-1.6983608154856908,-2.5939931118911437,-0.24646291325019087,False,0.495,-0.0125,0.16999999999999998,-2.6
361,0.24518963073890426,A,0.7030288636241344,8.83936434108412,0.5319879215774114,True,0.63,0.25,0.99,8.85
362,0.6383434675651145,A,-0.1989902750925443,-2.9541234645474894,-0.08486397219707513,False,0.7849999999999999,0.6375,0.15,-2.95
363,-0.7847076595486263,A,0.9064746134453828,0.4261176749654346,0.19201915999066566,False,0.155,-0.7875,0.45,0.45
364,0.37483783139147353,A,-1.8705720897300655,-0.6381265388182453,-0.1821900203618465,False,0.675,0.375,0.32999999999999996,-0.65
365,0.25310475442631597,A,-0.2496754445530147,7.566585308648966,0.36433854421370243,True,0.635,0.25,0.9800000000000001,7.55
366,-0.3279987268545463,A,-2.728852179539474,0.44920287422757715,-0.23656817573921995,False,0.335,-0.325,0.45499999999999996,0.45
367,1.139805427915082,A,-0.2546536836116138,2.1180825335086717,0.12801379609638458,False,0.93,1.1375,0.675,2.1
368,-0.7646333024007073,A,-0.008927329241176118,-2.80061286158746,-0.05576242248214294,False,0.16499999999999998,-0.7625,0.155,-2.8
369,-0.44336370148434584,A,-2.0919921099439365,-1.4893144707810286,-0.24518293760599144,False,0.27999999999999997,-0.4375,0.24500000000000002,-1.5
370,-0.3344208187414974,A,-1.6657224523297463,-5.333570113980182,-0.36113735913927814,False,0.32999999999999996,-0.3375,0.04,-5.35
371,-0.8427436405363027,A,-1.272679971431556,2.8148363603108595,0.03785969661992487,False,0.13999999999999999,-0.8375,0.755,2.8
372,0.019199020112395725,A,0.452455412168257,-5.911396550605033,-0.1358329288560251,False,0.51,0.025,0.03,-5.9
373,1.0141154521835847,A,2.0540082364501386,-1.090674903701954,0.26199709649104763,True,0.905,1.0125,0.28500000000000003,-1.1
374,0.07764624171440083,A,1.3179790712547004,4.0854920002516755,0.39897412414809197,True,0.54,0.075,0.845,4.1
375,0.06606527851795474,A,1.2104289535018873,4.132487411831657,0.3882982560157644,True,0.5349999999999999,0.0625,0.845,4.15
376,-0.5443425238698215,A,-1.775181754857567,4.048239547485218,0.03184389198785767,False,0.24500000000000002,-0.55,0.835,4.05
377,0.11988786239816623,A,0.8337950701717647,-1.304053785922617,0.10857253642301645,False,0.5650000000000001,0.125,0.26,-1.3
378,-0.5902982400308528,A,-0.3126224205655229,-3.112723159214358,-0.10515388916294623,False,0.22999999999999998,-0.5875,0.135,-3.1
379,1.6210169355061887,A,0.5585735805155883,-2.185433729171465,0.03791560961515549,False,0.9800000000000001,1.625,0.195,-2.2
380,0.4403243787966034,A,0.0918047801995669,-2.2553707167727715,-0.020268319103676716,False,0.71,0.4375,0.19,-2.25
381,-0.6197027102471897,A,-4.044616031814591,-4.882029001451828,-0.6227144320357926,False,0.22000000000000003,-0.625,0.05500000000000001,-4.9
382,-0.1265675049294225,A,-1.72991465721933,-5.9830173201586705,-0.3968221120370271,False,0.42000000000000004,-0.125,0.03,-6.0
383,0.8030655495616514,A,0.5216859678481378,0.19647338332422093,0.13661287504550026,False,0.845,0.8,0.425,0.2
384,-0.21733971679157693,A,1.2627607267985441,-0.2789388661943055,0.20361627201279464,False,0.38,-0.2125,0.37,-0.3
385,-0.15124650447730806,A,-1.4963533298124494,2.7928816484599306,0.010478342933662774,False,0.41,-0.15,0.755,2.8
386,-0.25857456417855945,A,-2.8687101599201457,-0.8444546441304657,-0.3090669311005134,False,0.365,-0.2625,0.3,-0.85
387,-0.0114023694506024,A,-0.0022454155197440193,-2.7232465251042304,-0.05162546759974311,False,0.495,-0.0125,0.16,-2.7
388,0.007103693912819053,A,2.238799411001241,1.003421910875128,0.3744376363793091,True,0.505,0.0125,0.51,1.0
389,-0.20888796367404278,A,-3.454652931893684,-4.282990964761547,-0.5270804107625355,False,0.385,-0.2125,0.06999999999999999,-4.3
390,0.19055385148839188,A,-1.0158992253686732,-3.27600380066669,-0.19532457447529405,False,0.6,0.1875,0.13,-3.3
391,0.21673747483886535,A,3.6700267039762786,5.836343476465626,0.7526681585488832,True,0.615,0.2125,0.925,5.85
392,0.18064447363391214,A,-1.7191965061105972,3.362360266761747,0.008784214386369489,False,0.595,0.175,0.7849999999999999,3.35
393,-0.3329890728263796,A,-4.740285085866917,-6.613974649017466,-0.7798564164783632,False,0.32999999999999996,-0.3375,0.015,-6.6
394,0.558304927947608,A,-2.6818823688152067,-1.5645529815988206,-0.3181454920481245,False,0.755,0.5625,0.24,-1.55
395,-0.6053035472908225,A,-0.5059584370125543,1.8317484967380309,0.08592853261739579,False,0.22999999999999998,-0.6,0.63,1.85
396,0.9697885708308962,A,-0.9820816318579935,-2.5391694118077464,-0.15944826719817404,False,0.885,0.975,0.175,-2.55
397,0.3843560189116103,A,-0.15003595165697636,-0.3608551121644594,0.03312204038981634,False,0.6799999999999999,0.3875,0.355,-0.35
398,-1.171983809370095,A,-3.9424140609754774,-2.352466017445931,-0.5011924456967743,False,0.06999999999999999,-1.175,0.185,-2.35
399,-0.28292414730360493,A,-0.23323866521185566,-0.23915233389854917,0.028555612362377476,False,0.355,-0.2875,0.38,-0.25
400,-1.2059194444355814,A,-1.8686170388501426,1.876947136125748,-0.07314109952143831,False,0.06,-1.2,0.64,1.9
401,-0.6431846338127909,A,-4.056201600919465,-1.1067582700479577,-0.4607415605492132,False,0.215,-0.6375,0.27999999999999997,-1.1
402,0.1687371545058616,A,-2.450045008609864,2.1747364412490913,-0.12896413869481657,False,0.5900000000000001,0.1625,0.6799999999999999,2.15
403,0.6768490879943616,A,0.32551648494851854,2.9516660959427616,0.2326385012064197,False,0.805,0.675,0.765,2.95
404,0.453637930799153,A,-1.470302350765095,1.0066701806080989,-0.06372594910885292,False,0.7150000000000001,0.45,0.515,1.0
405,-1.6955083476044528,A,1.9846413552942608,-0.34296552377899925,0.2861506267904672,True,0.015,-1.7,0.36,-0.35
406,-0.48953734477825994,A,-2.770074731238764,-3.047273048438995,-0.39271896128982653,False,0.265,-0.4875,0.145,-3.05
407,0.4954423020503625,A,-2.85917467271934,-1.5956293317034802,-0.3404406612872355,False,0.73,0.5,0.23500000000000001,-1.6
408,-0.18283532334199276,A,1.933175113499346,0.5291736233040014,0.317803087255824,True,0.395,-0.1875,0.465,0.55
409,-0.1944967233203137,A,1.182859927871028,2.5928270771644524,0.3184250456517974,True,0.39,-0.2,0.72,2.6
410,1.672677983523747,A,3.9191741854611357,6.179344545760258,0.7969502693958561,True,0.985,1.675,0.9349999999999999,6.2
411,0.4296912324332437,A,0.8399848509745964,5.083482574293992,0.38566894636536403,True,0.7,0.425,0.8949999999999999,5.1
412,-0.4472452117835272,A,-3.272742710608046,3.394084866538702,-0.173425555302077,False,0.275,-0.45,0.79,3.4
413,-0.8072080017556833,A,1.037799980879229,0.26633687119695293,0.2006247417815454,False,0.15,-0.8125,0.43499999999999994,0.25
414,0.9217918826663154,A,-1.2604603588525296,1.775964603774385,-0.005644433965006102,False,0.875,0.925,0.62,1.8
415,-1.123514340754775,A,-3.845857540356855,-7.605818647736839,-0.7170754213584596,False,0.075,-1.125,0.005,-7.6
416,-0.24123044746330724,A,-3.456292608234343,1.133338133359063,-0.29292973639979547,False,0.37,-0.2375,0.53,1.15
417,0.9397835813433745,A,-1.6049645010208158,-1.1133161513005567,-0.1713628912137455,False,0.8800000000000001,0.9375,0.27999999999999997,-1.1
418,0.3082311344649656,A,-0.5415973052120875,-0.9523415554045522,-0.038740140080923004,False,0.655,0.3125,0.29,-0.95
419,0.6737585233485227,A,-2.244218785135,0.7647457477348218,-0.16564673591376325,False,0.805,0.675,0.49000000000000005,0.75
420,-0.43988940455488074,A,-3.015016584553773,-0.26770040623284386,-0.30140193153277567,False,0.27999999999999997,-0.4375,0.375,-0.25
421,-1.2186049231046445,A,-2.210540315224561,-0.599580843693796,-0.2206962972301371,False,0.06,-1.2125,0.335,-0.6
422,-1.0453778465470989,A,-1.5018975211817212,-0.6786446432316766,-0.14037685707725805,False,0.08499999999999999,-1.05,0.325,-0.7
423,-0.21347530088843794,A,-0.035014982554842644,2.0611559487821887,0.15150547418826574,False,0.38,-0.2125,0.675,2.05
424,1.6621983566343366,A,-0.9477338667887094,5.069899765886272,0.1738267546734388,False,0.985,1.6625,0.89,5.05
425,0.043551399586891124,A,-3.3372545060370755,-6.79056271803538,-0.621700764790098,False,0.525,0.0375,0.01,-6.8
426,-0.4676903335330027,A,-1.342755345054527,0.9876609065802724,-0.04947619485583911,False,0.275,-0.4625,0.51,1.0
427,0.8511130642903308,A,2.0220921417155537,2.790706457391504,0.42615852478962774,True,0.8550000000000001,0.85,0.75,2.8
428,0.9343022715461791,A,-1.464891520358771,6.322812385973147,0.16692316823341444,False,0.8800000000000001,0.9375,0.95,6.3
429,0.7843313241701094,A,0.8642017555082832,1.402061078611959,0.22924922604086997,False,0.8400000000000001,0.7875,0.5700000000000001,1.4
430,-0.1024788055520867,A,-1.502306103790874,1.6271125925293324,-0.04066359110318017,False,0.43499999999999994,-0.1,0.595,1.65
431,0.39906422618937626,A,1.240439507703648,9.985803922944353,0.6450958561142871,True,0.6849999999999999,0.4,0.9949999999999999,10.0
432,-0.007128592408355576,A,1.5208678925060513,0.13629159249966782,0.2520822450056966,True,0.495,-0.0125,0.41500000000000004,0.15
433,-0.14206706557928278,A,1.231980446268815,0.5170869043005761,0.23442004713555736,False,0.41500000000000004,-0.1375,0.45999999999999996,0.5
434,-0.2279617316505563,A,-1.6371433668382611,0.07829014473609588,-0.12360908726334777,False,0.375,-0.225,0.40499999999999997,0.1
435,-0.6039962893994144,A,-1.289611879115428,0.0847500168928298,-0.08226183690265433,False,0.22999999999999998,-0.6,0.41,0.1
436,0.3965836796769611,A,0.3486707218851089,6.699172484779651,0.3975153116141296,True,0.6849999999999999,0.4,0.9650000000000001,6.7
437,-1.1219117944404264,A,-4.297506130167622,-6.215191150894633,-0.7102793983006621,False,0.075,-1.125,0.025,-6.2
438,0.03788157479062252,A,0.5043638628680303,0.3938684822148262,0.14310647637598273,False,0.52,0.0375,0.445,0.4
439,2.050368196412763,A,-0.48779205037810147,2.4594396232245535,0.1152331151674335,False,0.9949999999999999,2.05,0.7,2.45
440,0.7666793566224879,A,-1.404061640604048,1.9525121897779076,-0.014975222763197732,False,0.835,0.7625,0.65,1.95
441,-0.5192752088376971,A,-2.1548537397363203,-1.1422609501968095,-0.23759557282994126,False,0.255,-0.525,0.27999999999999997,-1.15
442,1.204933486893404,A,5.262894383989771,-2.805216785188171,0.567008944760371,True,0.9400000000000001,1.2,0.155,-2.8
443,2.0597732272032587,A,3.990296730233621,-4.271611793825301,0.3531807638856957,True,0.9949999999999999,2.0625,0.075,-4.25
444,0.423127278134007,A,0.10342479530593834,2.2902589740819126,0.17777732335181365,False,0.6950000000000001,0.425,0.6849999999999999,2.3
445,0.34016799542522175,A,2.523273929836029,-3.9515944763123803,0.19366880954184013,False,0.6599999999999999,0.3375,0.08499999999999999,-3.95
446,-0.3815611104348033,A,-4.329102006866832,1.2108649232206197,-0.39271522592084124,False,0.3,-0.3875,0.545,1.2
447,0.3187579065865041,A,-0.0773410826303576,-7.494472702301689,-0.266932742228072,False,0.655,0.325,0.01,-7.5
448,0.6468968485912282,A,0.39116643532041584,3.43916141100849,0.2614884591522208,True,0.7849999999999999,0.65,0.79,3.45
449,1.208597299436455,A,1.10812302385816,-1.1847421755409522,0.14615200902813946,False,0.945,1.2125,0.27,-1.2
450,-0.7158847534062429,A,-1.897970206233505,-0.3385180981296732,-0.17246470863983848,False,0.185,-0.7125,0.365,-0.35
451,-0.6515108719556487,A,-6.070766143714317,1.5235026012052524,-0.5850008047993619,False,0.21000000000000002,-0.65,0.58,1.5
452,-0.34302890953344534,A,1.1410811326315469,3.230398187847755,0.34107338320069525,True,0.325,-0.3375,0.78,3.25
453,-0.25090239323816443,A,0.43889635160338913,1.1790668029563263,0.1693428019365828,False,0.37,-0.25,0.54,1.2
454,-0.492343428595567,A,0.14264648513862,-1.1657598327200267,0.03288305359349069,False,0.26,-0.4875,0.27,-1.15
455,0.06380369642387475,A,1.6220563408628543,-6.250634799613355,-0.012298900966974356,False,0.5349999999999999,0.0625,0.02,-6.25
456,-0.6082589754251663,A,-3.35496335882322,6.567329840023977,-0.045847040551231476,False,0.225,-0.6125,0.96,6.55
457,-0.6182911809148287,A,-1.1820807978014143,2.7310560834079687,0.04494092920476888,False,0.225,-0.6125,0.74,2.75
458,-1.3655684506786896,A,-2.969123906006673,-0.000746306677042119,-0.2844286870469992,False,0.04,-1.3625,0.4,-0.0
459,-0.6790882923487419,A,-1.879558228573798,6.234364283734221,0.11409523056103817,False,0.2,-0.675,0.95,6.25
460,-0.3602348227830472,A,-1.027511308667279,2.7622237108085184,0.06455489528094348,False,0.31,-0.3625,0.745,2.75
461,0.14939160409919378,A,0.7053146896108708,-3.6573272237732315,-0.008427372925973092,False,0.58,0.15,0.095,-3.65
462,-0.08726755522137611,A,-2.313168904907182,8.158988844722968,0.14612686057053415,False,0.445,-0.0875,0.985,8.15
463,0.33530053023631007,A,1.3896797293333576,3.8236989697286363,0.39612017092615764,True,0.6599999999999999,0.3375,0.8150000000000001,3.8
464,-0.08606010749937168,A,-0.9416965834457574,1.86686778218718,0.035956887257019864,False,0.445,-0.0875,0.635,1.85
465,1.6925481013035577,A,-1.8500495658819578,2.020709482380573,-0.06472692084154738,False,0.985,1.6875,0.665,2.0
466,-0.08558073791139373,A,0.15696353936277954,-0.7939954126070002,0.05065976333510773,False,0.45,-0.0875,0.305,-0.8
467,-0.08553250396732934,A,1.0315060053350447,1.3452670742342978,0.24656228434499194,True,0.45,-0.0875,0.5599999999999999,1.35
468,1.539477408748192,A,-1.9346343959042809,2.566448844161606,-0.051110186027883385,False,0.975,1.5375,0.71,2.55
469,-0.10927773391390244,A,2.3239072461476846,0.9049615322310354,0.3802348046751037,True,0.43,-0.1125,0.495,0.9
470,-0.9270085106001728,A,-2.272648541450218,-4.1935847565164215,-0.3835348142742629,False,0.11000000000000001,-0.925,0.075,-4.2
471,-1.085733311280039,A,-4.541885744082252,-3.5903321810174758,-0.6255898145137888,False,0.08,-1.0875,0.1,-3.6
472,0.11511468962755206,A,1.1140930267360138,-5.044118847766425,-0.02012340481830355,False,0.5599999999999999,0.1125,0.05,-5.05
473,-0.04124917980592403,A,-0.7696704088668318,4.534227671001514,0.17169195173516952,False,0.475,-0.0375,0.865,4.55
474,-0.060277745341685764,A,-2.5968321973402118,3.9242513226601328,-0.07061495552402254,False,0.465,-0.0625,0.825,3.9
475,-0.8698221470464939,A,0.7310571382841718,1.5501050570541635,0.2199208548911865,False,0.13,-0.875,0.585,1.55
476,0.40900633635782124,A,-1.4281254485021422,1.624766749756203,-0.031999167550700744,False,0.6900000000000001,0.4125,0.595,1.6
477,-0.6407626759687538,A,-4.4979971098828635,0.2351688602779891,-0.454888283971817,False,0.215,-0.6375,0.43,0.25
478,0.17907175707682407,A,-1.4643405144499457,-2.3588680410999534,-0.20863577318917442,False,0.595,0.175,0.185,-2.35
479,0.05842255667486021,A,-1.185018227854183,0.46541531332165065,-0.05343204428867243,False,0.53,0.0625,0.45999999999999996,0.45
480,-0.669044302228802,A,-2.036932660776527,-1.1715545193371362,-0.2249282764637211,False,0.205,-0.675,0.27,-1.15
481,0.7173459751094546,A,1.9898205309700197,6.955305461884301,0.602531716885886,True,0.82,0.7125,0.97,6.95
482,0.9714872262668045,A,-0.7722313194730145,3.405547347256653,0.12255552543238112,False,0.89,0.975,0.79,3.4
483,-0.8775404213047191,A,0.055701333196091385,2.2701443534841186,0.17126756246207261,False,0.125,-0.875,0.6849999999999999,2.25
484,0.9771418421846295,A,0.5259539847912289,1.6209549379515011,0.1987492500639702,False,0.89,0.975,0.595,1.6
485,-1.5956401575025567,A,-3.0942904911955957,2.948936180578307,-0.1715978067919104,False,0.02,-1.6,0.76,2.95
486,1.402877772811997,A,-2.7876293208159266,0.7200051987527762,-0.23179725335618848,False,0.9650000000000001,1.4,0.485,0.7
487,-0.65696255568365,A,-0.3580957155130383,-1.2861180247451984,-0.031497046078652925,False,0.205,-0.6625,0.26,-1.3
488,-0.26324447617280533,A,-1.6059587887475857,0.4236575205017997,-0.10498124620389433,False,0.365,-0.2625,0.45,0.4
489,-0.10249536866424777,A,-0.4148269947369658,1.2264490766201326,0.07050846779818898,False,0.43499999999999994,-0.1,0.55,1.25
490,-0.17061565191878064,A,-3.57099861607608,5.349634987752878,-0.12406103359833554,False,0.4,-0.175,0.9099999999999999,5.35
491,-0.782844172104191,A,-3.8563759478550512,-2.5700305080826586,-0.5004385389334978,False,0.16,-0.7875,0.175,-2.55
492,-1.6577715604804237,A,-2.121438941520565,-0.4342087956204348,-0.20301216415803405,False,0.015,-1.6625,0.35,-0.45
493,-0.2691889158770531,A,-5.60973043488133,-0.18785477049104435,-0.6045643430435124,False,0.36,-0.275,0.385,-0.2
494,0.08792547957274703,A,-2.9726568591822904,6.685945612280288,0.004462138006198383,False,0.54,0.0875,0.96,6.7
495,-0.10951117714121347,A,1.4992954223571506,-3.0798878122259414,0.11038089615735688,False,0.43,-0.1125,0.13999999999999999,-3.1
496,-0.07292180664118819,A,1.1396212802453025,3.8529137309998,0.36783480709631816,True,0.45999999999999996,-0.075,0.82,3.85
497,-2.1827912979332527,A,-1.756843638558412,-2.023018903746811,-0.2286698892577501,False,0.005,-2.1875,0.21000000000000002,-2.0
498,-0.7634224877342185,A,0.22795737039836617,-1.385505888860112,0.03345663569128052,False,0.16999999999999998,-0.7625,0.25,-1.4
499,0.45632861916365564,A,0.5408912067344573,-0.38817410154491194,0.11358683159576295,False,0.7150000000000001,0.4625,0.355,-0.4
500,-0.4750579649843777,B,-2.7505597137061737,,,False,0.27,-0.475,,
501,0.22567453075351665,B,3.6405102033170516,,,False,0.62,0.225,,
502,-1.421092502598478,B,-4.496842041587845,,,False,0.034999999999999996,-1.425,,
503,-0.018047064865416688,B,2.287011492676787,,,False,0.49000000000000005,-0.0125,,
504,-0.0654174857972111,B,-3.1107619384563363,,,False,0.45999999999999996,-0.0625,,
505,0.2675438934790104,B,-1.311772910565801,,,False,0.64,0.2625,,
506,-1.394582902796991,B,-3.0726901687221737,,,False,0.034999999999999996,-1.4,,
507,1.2647975642796705,B,0.3543281572268615,,,False,0.95,1.2625,,
508,0.783646375010187,B,-2.5024426157971726,,,False,0.8400000000000001,0.7875,,
509,-0.5063136553541794,B,-0.10111263529920311,,,False,0.26,-0.5125,,
510,-1.0417840537878198,B,1.816127142344628,,,False,0.08499999999999999,-1.0375,,
511,0.023279051629603514,B,-1.4960713239902468,,,False,0.515,0.025,,
512,1.0459360599453937,B,-0.6899381067533821,,,False,0.9099999999999999,1.05,,
513,1.2335915104640893,B,2.8524814900186017,,,False,0.95,1.2375,,
514,0.10011364558467513,B,3.859754624348766,,,False,0.55,0.1,,
515,1.0789095210974124,B,0.8520812812149507,,,False,0.925,1.075,,
516,0.6951666453367007,B,-0.505099149754225,,,False,0.8099999999999999,0.7,,
517,0.13639210592286746,B,-0.26194528928513716,,,False,0.58,0.1375,,
518,-0.7174377397623655,B,0.024868769477531583,,,False,0.185,-0.7125,,
519,0.04847032102709802,B,1.5976058117218992,,,False,0.53,0.05,,
520,1.0788418710101892,B,-2.4234032770357814,,,False,0.9199999999999999,1.075,,
521,-1.3723049279819786,B,-1.8070414563063302,,,False,0.034999999999999996,-1.375,,
522,-0.7237956717878733,B,6.180324098569432,,,False,0.185,-0.725,,
523,0.7112393758595535,B,2.7707921477890425,,,False,0.8150000000000001,0.7125,,
524,0.9109626197923256,B,-3.8690621176391806,,,False,0.875,0.9125,,
525,-0.17630036864509413,B,1.1243173251156675,,,False,0.4,-0.175,,
526,-0.9213216525260587,B,2.2100907907386405,,,False,0.11499999999999999,-0.925,,
527,0.7766509215653223,B,-0.17691144878235854,,,False,0.835,0.775,,
528,0.18237723412097484,B,4.363349332461857,,,False,0.595,0.1875,,
529,-0.6392277475687128,B,-4.2117404376821765,,,False,0.215,-0.6375,,
530,0.21540702003333131,B,-2.138665023931407,,,False,0.615,0.2125,,
531,0.3912402499550486,B,-0.4678811182375089,,,False,0.6799999999999999,0.3875,,
532,-0.7726416455903815,B,0.9238441854868082,,,False,0.16499999999999998,-0.775,,
533,-0.747258573068942,B,-5.774528774137422,,,False,0.175,-0.75,,
534,-0.33319588348860346,B,-0.6471366231129225,,,False,0.32999999999999996,-0.3375,,
535,0.7237518391128801,B,-3.175463554528651,,,False,0.82,0.725,,
536,-0.26148071872669254,B,1.8373649785111947,,,False,0.365,-0.2625,,
537,0.244075281536918,B,1.476428961098257,,,False,0.625,0.25,,
538,-0.18479011581802834,B,0.5507706988683461,,,False,0.395,-0.1875,,
539,-0.6626812864970651,B,1.0064629152734446,,,False,0.205,-0.6625,,
540,1.0174988382135288,B,0.5470788149000017,,,False,0.905,1.0125,,
541,-0.44728603211208146,B,-7.375984485751491,,,False,0.275,-0.45,,
542,0.5756131166433286,B,1.6299834450444228,,,False,0.765,0.575,,
543,-0.056094866749445325,B,4.084484949414908,,,False,0.47000000000000003,-0.05,,
544,1.0760002567755014,B,-0.2833881242613212,,,False,0.9199999999999999,1.075,,
545,0.37303114451931324,B,1.0262577518600124,,,False,0.675,0.375,,
546,-0.4167429239455172,B,0.7017426892997232,,,False,0.28500000000000003,-0.4125,,
547,-0.994867131363028,B,-2.8474073584798383,,,False,0.1,-1.0,,
548,-0.46972680449504767,B,-2.886471026443468,,,False,0.275,-0.475,,
549,0.3071681660088485,B,2.1283912600249413,,,False,0.65,0.3125,,
550,-0.07587280046344244,B,-2.4501570203403116,,,False,0.45499999999999996,-0.075,,
551,-0.12191348212195612,B,-0.22859033248252358,,,False,0.425,-0.125,,
552,1.0089326408965582,B,0.3320875709899239,,,False,0.9,1.0125,,
553,1.1062070800271233,B,3.9262537409387805,,,False,0.925,1.1,,
554,1.0447197619666189,B,1.8975189721666808,,,False,0.9099999999999999,1.05,,
555,1.0189208979140325,B,-0.24880999732146636,,,False,0.905,1.025,,
556,0.7786640151066089,B,-3.8034965051816383,,,False,0.835,0.775,,
557,0.24370155993479575,B,0.35513197170316113,,,False,0.625,0.2375,,
558,-1.0392461528823622,B,1.4905350201583487,-3.0780899794552004,-0.061246852389541424,False,0.09,-1.0375,0.145,-3.1
559,-0.838065706586019,B,-2.8297002665583695,,,False,0.13999999999999999,-0.8375,,
560,0.4743909734951596,B,-3.0300223629343366,,,False,0.73,0.475,,
561,-0.33895925543731953,B,-2.5249682505061255,,,False,0.325,-0.3375,,
562,1.0363985544410204,B,2.4588081710672443,,,False,0.905,1.0375,,
563,-0.08522801915253363,B,4.204461055623887,,,False,0.45,-0.0875,,
564,-1.0287806492068974,B,-0.2770817496778212,,,False,0.09,-1.025,,
565,-0.35917981185946807,B,-8.258380252515968,,,False,0.31,-0.3625,,
566,0.6552845939366733,B,2.17369674221109,,,False,0.79,0.65,,
567,0.22125960271023515,B,-0.318866156415037,,,False,0.615,0.225,,
568,0.782981532952398,B,-0.285044409649826,,,False,0.8400000000000001,0.7875,,
569,1.0756524079023873,B,-3.149746999818273,,,False,0.9199999999999999,1.075,,
570,-0.2726658611600878,B,0.7992873987356621,,,False,0.36,-0.275,,
571,-0.3941785648035374,B,-1.3638635976975462,,,False,0.3,-0.4,,
572,0.2745941890689441,B,-0.21317012247768008,,,False,0.64,0.275,,
573,0.9531222362625429,B,2.44183438357984,,,False,0.885,0.95,,
574,0.8279286832500723,B,0.4299373837779038,,,False,0.8550000000000001,0.825,,
575,-0.20636741174880718,B,0.7119231832826269,,,False,0.385,-0.2125,,
576,-0.367278830515824,B,1.7647052446124283,,,False,0.305,-0.3625,,
577,0.29605994850797546,B,1.724170120263802,,,False,0.65,0.3,,
578,0.5261067283480597,B,7.530435768074917,,,False,0.74,0.525,,
579,0.24123720675850818,B,5.174367853891599,,,False,0.625,0.2375,,
580,0.17503087597921033,B,0.9684277325671513,,,False,0.595,0.175,,
581,0.4521381329036186,B,-0.5782910409415013,,,False,0.7150000000000001,0.45,,
582,-1.2383410679417868,B,-4.009905069752961,,,False,0.06,-1.2375,,
583,0.7838179221844032,B,-0.42571735741840266,,,False,0.8400000000000001,0.7875,,
584,0.8260320831692418,B,0.13738203712806019,,,False,0.85,0.825,,
585,0.7071211934056942,B,-1.5318369353982793,,,False,0.8150000000000001,0.7125,,
586,-0.39476190137236106,B,-1.286521545548238,,,False,0.29500000000000004,-0.4,,
587,0.5432735638970406,B,7.374942779736069,,,False,0.745,0.5375,,
588,-0.7295685574816215,B,2.7204808165277106,,,False,0.185,-0.725,,
589,-0.28579353272580055,B,-5.100534419287564,,,False,0.355,-0.2875,,
590,0.583566868434822,B,1.856776862236098,,,False,0.765,0.5875,,
591,0.3558154371173885,B,-1.0203854403670334,,,False,0.665,0.35,,
592,0.0674111208571063,B,-1.5249050951579408,,,False,0.5349999999999999,0.0625,,
593,-0.28713068650131823,B,4.726205932342232,,,False,0.355,-0.2875,,
594,0.15089761523743034,B,5.448269599846959,,,False,0.58,0.15,,
595,-0.12330321329362198,B,-1.262483997241796,,,False,0.425,-0.125,,
596,0.2151799861847026,B,2.6650002434015416,,,False,0.61,0.2125,,
597,0.3662186765362463,B,-0.42435815077007244,,,False,0.67,0.3625,,
598,-1.1304468102139325,B,3.6777801793111298,,,False,0.06999999999999999,-1.125,,
599,0.45710682836504063,B,1.3114708659785288,,,False,0.72,0.4625,,
600,-0.7579528452772585,B,-2.371943844509671,,,False,0.16999999999999998,-0.7625,,
601,0.26518396086066537,B,3.0726531262439334,,,False,0.635,0.2625,,
602,0.1105954953760335,B,0.8989381970625925,,,False,0.5549999999999999,0.1125,,
603,-0.5126788404559462,B,4.5490771148893305,,,False,0.255,-0.5125,,
604,0.9731036016760336,B,1.3730949932899141,,,False,0.89,0.975,,
605,0.9082879167511847,B,2.548717403029207,,,False,0.8699999999999999,0.9125,,
606,-0.34713122896212334,B,1.644208182800472,,,False,0.32,-0.35,,
607,-0.019269439461187664,B,6.023908139741817,,,False,0.49000000000000005,-0.025,,
608,0.5607692365483047,B,-1.0937465382528675,,,False,0.76,0.5625,,
609,-1.1362953021189828,B,-2.8286222902478357,,,False,0.06999999999999999,-1.1375,,
610,1.044946591251126,B,1.9558745052073752,,,False,0.9099999999999999,1.05,,
611,0.7387009399507224,B,4.741590240094162,,,False,0.825,0.7375,,
612,-0.7417977291197231,B,4.32542729126216,,,False,0.18,-0.7375,,
613,0.40203045593557146,B,3.1544538451562696,,,False,0.6900000000000001,0.4,,
614,0.5538438655662895,B,6.090731862212494,,,False,0.755,0.55,,
615,0.3836491776279726,B,4.462121511347769,,,False,0.675,0.3875,,
616,1.338615797117649,B,5.9449429295497405,,,False,0.96,1.3375,,
617,-0.3210725232370296,B,1.0557075456056229,,,False,0.33999999999999997,-0.325,,
618,-0.25466565990209666,B,1.1286226196202596,,,False,0.37,-0.25,,
619,0.5500846612939285,B,3.833095454431101,,,False,0.75,0.55,,
620,0.23232555431230636,B,0.5322845718808309,,,False,0.62,0.2375,,
621,-1.180161165141053,B,1.0942053013735988,,,False,0.065,-1.175,,
622,0.12379658791118911,B,2.7837705939418793,,,False,0.5650000000000001,0.125,,
623,-0.3825385845973261,B,-4.022875373360451,,,False,0.3,-0.3875,,
624,0.0644548183797659,B,6.43251126642677,,,False,0.5349999999999999,0.0625,,
625,-1.091029477937735,B,1.4811899236396555,,,False,0.08,-1.0875,,
626,-0.38146082092558087,B,1.6710925605421743,,,False,0.3,-0.3875,,
627,-0.8507718173751632,B,3.6363041600049613,,,False,0.135,-0.85,,
628,0.16832469234341904,B,-3.3005949531747327,,,False,0.5900000000000001,0.1625,,
629,0.6146159830054987,B,1.095082076697599,,,False,0.775,0.6125,,
630,1.8628871297699559,B,3.928655796054227,,,False,0.99,1.8625,,
631,0.011834633592043451,B,6.036653573220189,,,False,0.51,0.0125,,
632,0.37171918812506843,B,0.21773320460503692,,,False,0.675,0.375,,
633,1.2162013307691484,B,-0.37253883676283683,,,False,0.945,1.2125,,
634,-0.8156532894913181,B,1.64336316929937,,,False,0.145,-0.8125,,
635,0.9758513584727119,B,-0.5922433678732434,,,False,0.89,0.975,,
636,-1.3163454082340662,B,-1.7161955538333842,,,False,0.04,-1.3125,,
637,0.4670385705631102,B,2.2756270823438234,,,False,0.725,0.4625,,
638,0.9253533581853236,B,-1.643382723421189,,,False,0.875,0.925,,
639,-0.14446487677003642,B,1.534983936516359,,,False,0.41500000000000004,-0.15,,
640,0.31100053227723373,B,-1.7899794660893402,,,False,0.655,0.3125,,
641,0.17409293509111434,B,-2.9242242607957887,,,False,0.5900000000000001,0.175,,
642,-0.7556355899007565,B,0.6623453623218143,,,False,0.16999999999999998,-0.75,,
643,0.8936800563873222,B,-0.20141547196875398,,,False,0.8699999999999999,0.8875,,
644,0.22383761121726267,B,4.079743257891595,,,False,0.62,0.225,,
645,0.018784943617209882,B,-3.324802223095111,,,False,0.51,0.025,,
646,-0.7891847659199945,B,-4.240045636347743,,,False,0.155,-0.7875,,
647,1.012029229585969,B,0.7971726047628619,,,False,0.905,1.0125,,
648,0.5049659150702058,B,5.012959826585973,,,False,0.735,0.5,,
649,-0.33891878412101395,B,-0.40090452530194237,,,False,0.325,-0.3375,,
650,1.9185473500905144,B,1.8281650137747405,,,False,0.9949999999999999,1.9125,,
651,-0.2044487872884787,B,3.184074530401655,,,False,0.385,-0.2,,
652,-0.9586267293553382,B,-6.223705439858077,,,False,0.10500000000000001,-0.9625,,
653,1.597011610901871,B,6.479360024153859,,,False,0.975,1.6,,
654,1.0968660847031593,B,6.688296040257081,,,False,0.925,1.1,,
655,1.1743458629024688,B,2.5209396963892834,,,False,0.9349999999999999,1.175,,
656,-0.2831772290985751,B,1.0087049132505461,,,False,0.355,-0.2875,,
657,-0.625627043297733,B,-0.5497557791141306,,,False,0.22000000000000003,-0.625,,
658,-0.3124328738301211,B,-1.7092763507478232,,,False,0.33999999999999997,-0.3125,,
659,-0.7018895336216793,B,3.398402774244173,,,False,0.195,-0.7,,
660,0.3286589356014332,B,0.39732006149956633,,,False,0.6599999999999999,0.325,,
661,-0.8674430408204447,B,-1.7411640846880303,,,False,0.13,-0.8625,,
662,-1.553732047812969,B,5.486827991010636,,,False,0.025,-1.55,,
663,-1.314734351175643,B,0.9444994777749629,,,False,0.045,-1.3125,,
664,1.164534716494398,B,-0.7019346658707821,,,False,0.9349999999999999,1.1625,,
665,-0.4828526844416609,B,-2.039162800796544,,,False,0.265,-0.4875,,
666,0.1175662279019856,B,-4.595995888006208,,,False,0.5599999999999999,0.1125,,
667,-0.7149288797945252,B,-1.0904683491798917,,,False,0.19,-0.7125,,
668,0.46600193474750795,B,4.155128141446375,,,False,0.725,0.4625,,
669,1.1242495487853141,B,3.4668414265415937,,,False,0.93,1.125,,
670,1.1224830588895391,B,-0.8862867859786101,,,False,0.93,1.125,,
671,0.4713809550165437,B,2.383601611361868,,,False,0.73,0.475,,
672,-0.7470483083124678,B,1.419717689488956,,,False,0.175,-0.75,,
673,0.7449924261767883,B,3.4920904220530358,,,False,0.8300000000000001,0.75,,
674,0.292182171965623,B,-1.9768805083417416,,,False,0.65,0.2875,,
675,-0.928906627131648,B,-6.651427872850922,,,False,0.11000000000000001,-0.925,,
676,-0.1631452434965968,B,1.8454686187141385,,,False,0.40499999999999997,-0.1625,,
677,0.5580495741841051,B,5.316836767376421,,,False,0.755,0.5625,,
678,-0.5948718551584465,B,4.57116084653564,,,False,0.22999999999999998,-0.6,,
679,-0.11947799350076616,B,1.726464241261886,,,False,0.425,-0.125,,
680,-0.16210184996807542,B,-0.6322061301495365,,,False,0.40499999999999997,-0.1625,,
681,-1.1423048113606833,B,0.8074174789661113,,,False,0.06999999999999999,-1.1375,,
682,0.6730909333287338,B,4.025392728584667,,,False,0.8,0.675,,
683,0.28140344834759157,B,3.9471782858622353,,,False,0.645,0.2875,,
684,0.8329224291758203,B,-0.5944708426150985,,,False,0.8550000000000001,0.8375,,
685,0.8172002656716782,B,-0.1510523608402301,,,False,0.85,0.8125,,
686,0.464251958482514,B,0.032519319999728125,,,False,0.725,0.4625,,
687,0.061875812905829004,B,-1.4850361239449668,,,False,0.53,0.0625,,
688,1.738892473383748,B,6.228540345853895,,,False,0.99,1.7375,,
689,0.6303215787189456,B,-2.3361668567845175,,,False,0.78,0.625,,
690,-0.6117489058161224,B,0.24666936217390734,,,False,0.225,-0.6125,,
691,-1.3185458592036308,B,1.0209353667959902,,,False,0.04,-1.3125,,
692,-1.4535040080049972,B,-0.37257912763310785,,,False,0.03,-1.45,,
693,-0.23722536700659283,B,1.0085784535742304,,,False,0.375,-0.2375,,
694,0.04547706599761662,B,0.4784739792252481,,,False,0.525,0.05,,
695,0.3687874153418505,B,2.9238321503769678,,,False,0.67,0.375,,
696,-1.3032592812910697,B,-2.1682740706206514,,,False,0.045,-1.3,,
697,0.04132598567555291,B,-0.4421194531359711,,,False,0.52,0.0375,,
698,-0.693881744482878,B,0.35649276258425755,,,False,0.195,-0.7,,
699,-0.7794253407932628,B,-6.811585885743488,,,False,0.16,-0.775,,
700,0.6960099422287662,B,0.739367285084474,,,False,0.8099999999999999,0.7,,
701,0.4992988162396114,B,3.8828560629021776,,,False,0.735,0.5,,
702,1.6071341694731085,B,5.998367174311482,,,False,0.9800000000000001,1.6125,,
703,0.21492360031300528,B,2.2985194088842973,,,False,0.61,0.2125,,
704,0.6312776757163981,B,-1.567533654223324,,,False,0.78,0.6375,,
705,0.8108282625532338,B,1.423193505105584,,,False,0.85,0.8125,,
706,-0.6546476430811364,B,0.1473645054242989,,,False,0.205,-0.65,,
707,1.0402374133982586,B,3.4050590319451506,,,False,0.9099999999999999,1.0375,,
708,-1.175480817532836,B,-4.229328573373918,,,False,0.06999999999999999,-1.175,,
709,0.5457128050919965,B,2.14196554878455,,,False,0.745,0.55,,
710,-0.897589561319782,B,-5.45575474669746,,,False,0.12,-0.9,,
711,-0.051557789556439054,B,0.6025487458550185,,,False,0.47000000000000003,-0.05,,
712,0.2896297608307517,B,5.508399773647847,,,False,0.65,0.2875,,
713,0.5551671909293081,B,-2.1774302290667213,,,False,0.755,0.55,,
714,0.4415271046313628,B,-5.510850770637768,,,False,0.71,0.4375,,
715,-0.113612658009384,B,0.9819021064325962,,,False,0.43,-0.1125,,
716,-1.0249433117613203,B,-3.562631770304048,,,False,0.09,-1.025,,
717,0.12757085145619543,B,-4.520164898026728,,,False,0.5700000000000001,0.125,,
718,0.13438501586908594,B,1.5393495215151807,,,False,0.575,0.1375,,
719,0.2763440304695801,B,0.135515970909083,,,False,0.64,0.275,,
720,-0.3622091066375509,B,0.7748649655732524,,,False,0.31,-0.3625,,
721,-0.1966715156228095,B,-1.8956197051933632,,,False,0.39,-0.2,,
722,-0.29908072844067973,B,-3.6538863030003736,,,False,0.35,-0.3,,
723,0.07910472608909243,B,-2.1228510354332033,,,False,0.54,0.075,,
724,0.12339763768269092,B,0.6161924317817413,,,False,0.5650000000000001,0.125,,
725,-0.5703559243776272,B,-2.740203770558316,,,False,0.24,-0.575,,
726,0.7085815331369354,B,-1.1009415772217097,,,False,0.8150000000000001,0.7125,,
727,-0.4408599887709464,B,0.5838854179415396,,,False,0.27999999999999997,-0.4375,,
728,-1.2590445782411623,B,1.1719814053879518,,,False,0.05,-1.2625,,
729,-0.005988933769123911,B,2.699567542804304,,,False,0.5,-0.0,,
730,-0.6280553538154879,B,7.671609362756192,,,False,0.22000000000000003,-0.625,,
731,-0.007911776724648628,B,2.8987226539679254,,,False,0.495,-0.0125,,
732,-1.315758426103189,B,-3.086597927854055,,,False,0.045,-1.3125,,
733,0.2834151686934562,B,1.3360594128124719,,,False,0.645,0.2875,,
734,-0.7854280246884786,B,-4.226039749657435,,,False,0.155,-0.7875,,
735,0.5498496688194874,B,1.1006854594819462,,,False,0.75,0.55,,
736,-0.8216395962280492,B,-0.8347541708778843,,,False,0.145,-0.825,,
737,-1.2335968893699063,B,2.5859404922869347,,,False,0.06,-1.2375,,
738,0.6292071911467254,B,0.4944440523660316,,,False,0.78,0.625,,
739,-0.4046809159338526,B,1.5995037161842447,,,False,0.29,-0.4,,
740,-0.10147895916924962,B,4.286699077045245,,,False,0.44000000000000006,-0.1,,
741,-1.2875428664672803,B,-0.31441791739135727,,,False,0.045,-1.2875,,
742,-0.18203543467335973,B,2.0027107585282,,,False,0.395,-0.1875,,
743,-0.973883878607041,B,-1.3578131761998744,,,False,0.10500000000000001,-0.975,,
744,-0.8742440756249772,B,2.8627901341926325,,,False,0.125,-0.875,,
745,0.2592083571119548,B,-3.039450484833799,,,False,0.635,0.2625,,
746,0.20162446109688154,B,0.3591096023049922,,,False,0.605,0.2,,
747,0.008420878440501892,B,-2.3490613125432676,,,False,0.505,0.0125,,
748,-1.2388517393304135,B,-0.25369050342799226,,,False,0.05500000000000001,-1.2375,,
749,-2.393004721573548,B,-0.3523254127186548,,,False,0.0,-2.3875,,
750,2.1551905255629844,B,3.0282754091520974,,,False,1.0,2.15,,
751,0.08156291364687461,B,-3.090946900058221,,,False,0.54,0.0875,,
752,-0.6919239343786563,B,-2.9960135746526126,,,False,0.195,-0.6875,,
753,0.17100053881838778,B,1.5098339740625373,,,False,0.5900000000000001,0.175,,
754,-0.09018079844326282,B,-3.1136654422546894,,,False,0.445,-0.0875,,
755,0.20928460631523105,B,1.5339124230384238,,,False,0.61,0.2125,,
756,-1.1107598925362512,B,0.5166852172414498,,,False,0.075,-1.1125,,
757,0.1138012530756303,B,2.236577718876706,,,False,0.5549999999999999,0.1125,,
758,0.9509343770221782,B,2.189927643628622,,,False,0.8800000000000001,0.95,,
759,-1.0652575062560221,B,-1.0029543508584358,,,False,0.08,-1.0625,,
760,-0.03997805524190975,B,-0.513686758198873,,,False,0.475,-0.0375,,
761,-0.610574292589267,B,2.646564826508916,-0.1294176964786497,0.16992968870872235,False,0.225,-0.6125,0.395,-0.15
762,-0.766754013363275,B,-0.6181687319428417,,,False,0.16499999999999998,-0.7625,,
763,0.23798393831349374,B,-0.39772546743893056,,,False,0.625,0.2375,,
764,-1.033301696716971,B,0.6958514613431319,,,False,0.09,-1.0375,,
765,-0.5430193267780786,B,-1.2179165365553057,,,False,0.24500000000000002,-0.5375,,
766,-0.48911578947231277,B,-0.11455363381465322,,,False,0.265,-0.4875,,
767,0.7645045774518983,B,4.360839416984493,,,False,0.8300000000000001,0.7625,,
768,-0.03724875545412082,B,4.004391594360714,,,False,0.48,-0.0375,,
769,-0.33660537374799954,B,-3.185878139991052,,,False,0.325,-0.3375,,
770,-0.3336745379163759,B,-2.240606165347985,,,False,0.32999999999999996,-0.3375,,
771,0.4806660762600926,B,0.4781625881141911,,,False,0.73,0.475,,
772,1.3881872806248543,B,-3.1063467107466627,,,False,0.9650000000000001,1.3875,,
773,-0.33255015026731255,B,-1.7891003667675518,,,False,0.32999999999999996,-0.3375,,
774,1.0606189651205324,B,4.748808400851116,,,False,0.915,1.0625,,
775,0.46063243613268856,B,5.822028054367373,,,False,0.72,0.4625,,
776,0.6762917429880035,B,-1.3018344571405966,,,False,0.805,0.675,,
777,-0.9080689789027753,B,-3.0117101827269144,,,False,0.12,-0.9125,,
778,0.7383978950915886,B,-0.550240321558471,,,False,0.825,0.7375,,
779,0.12133309243163833,B,-3.1481256833246785,,,False,0.5650000000000001,0.125,,
780,0.1201209589442532,B,-2.8730875799996323,,,False,0.5650000000000001,0.125,,
781,1.0733011054731472,B,4.209647056248176,,,False,0.915,1.075,,
782,-0.5379796715551305,B,-4.748102907819816,0.08338119369918906,-0.3367759102929029,False,0.25,-0.5375,0.40499999999999997,0.1
783,-0.22167267328718251,B,2.794868430684362,,,False,0.375,-0.225,,
784,-0.5178354075226033,B,-0.30488916299523294,,,False,0.255,-0.5125,,
785,1.0534763699968024,B,2.233028917704053,,,False,0.9099999999999999,1.05,,
786,0.43035960633440584,B,-0.9457202900216061,,,False,0.705,0.425,,
787,0.4113450792004769,B,3.4811962223479194,,,False,0.6950000000000001,0.4125,,
788,1.6033392251911207,B,0.5418365572747437,,,False,0.9800000000000001,1.6,,
789,-0.06213840993990931,B,0.4536361262530189,,,False,0.465,-0.0625,,
790,-0.15484509246526576,B,-1.7655957342442257,,,False,0.40499999999999997,-0.15,,
791,-0.5572693700435319,B,-0.9683392393157997,,,False,0.24,-0.5625,,
792,-0.18647151402112852,B,-0.36173427833253846,,,False,0.39,-0.1875,,
793,0.028350426607939967,B,1.6749499364186549,,,False,0.515,0.025,,
794,0.2197552214856959,B,3.2910033804842973,,,False,0.615,0.225,,
795,1.7675242284063553,B,3.5583581703359664,,,False,0.99,1.7625,,
796,0.4641308152226079,B,-2.001846897314722,,,False,0.725,0.4625,,
797,0.582765768578682,B,3.045908770191268,,,False,0.765,0.5875,,
798,-0.6071120840709592,B,1.1712981562469387,,,False,0.225,-0.6125,,
799,1.3029684133240478,B,-1.0175397437930593,,,False,0.9550000000000001,1.3,,
800,-0.5556171974509706,B,5.361772520552053,,,False,0.24500000000000002,-0.55,,
801,0.009603336227776968,B,3.435562171422557,,,False,0.51,0.0125,,
802,-0.2049941962737828,B,-1.274669154082814,,,False,0.385,-0.2,,
803,-0.8526880010014799,B,-1.834438220856133,,,False,0.135,-0.85,,
804,-0.5927367302901847,B,0.2789771553660908,,,False,0.22999999999999998,-0.5875,,
805,0.2875498433526709,B,-1.5484977432438563,,,False,0.645,0.2875,,
806,0.713548862951327,B,0.28506945734969974,,,False,0.82,0.7125,,
807,0.03579444733161005,B,1.7145801448580107,,,False,0.52,0.0375,,
808,-0.29858002134290884,B,-6.587881318547277,,,False,0.35,-0.3,,
809,-1.0420192715716738,B,-0.2860531461343857,,,False,0.08499999999999999,-1.0375,,
810,-0.12208831058772623,B,-6.91247129842137,,,False,0.425,-0.125,,
811,-0.5261827875967866,B,-0.5185468767434234,,,False,0.25,-0.525,,
812,0.5524806131391135,B,3.8726607578464214,,,False,0.75,0.55,,
813,-0.9302380527430362,B,-4.627344881322723,,,False,0.11000000000000001,-0.925,,
814,-1.2073313634028617,B,2.3534432985366465,,,False,0.06,-1.2125,,
815,-1.443932590114539,B,1.33297232014347,,,False,0.03,-1.45,,
816,0.520753935961537,B,-1.7225473235841393,,,False,0.735,0.525,,
817,-0.40856014672227625,B,0.7478713850088426,,,False,0.29,-0.4125,,
818,0.30061859892712445,B,-1.5986058900791766,,,False,0.65,0.3,,
819,0.4308669336458885,B,2.2526104034966354,,,False,0.705,0.425,,
820,0.803880521606623,B,0.7087417575087129,,,False,0.845,0.8,,
821,0.6625134069951384,B,-2.0330291903788735,,,False,0.795,0.6625,,
822,-0.30507716674619545,B,-3.4160369326378905,,,False,0.34500000000000003,-0.3,,
823,0.7031693786801287,B,-2.805063031223881,,,False,0.8150000000000001,0.7,,
824,-0.36005199252330894,B,-2.317275289541634,,,False,0.31,-0.3625,,
825,-0.0381904813190404,B,-3.47290960657153,,,False,0.48,-0.0375,,
826,0.1305807153406396,B,2.933237643255885,,,False,0.575,0.125,,
827,-0.07827021449781302,B,2.2909866529414957,,,False,0.45499999999999996,-0.075,,
828,0.801357499141339,B,-0.5410034836679589,,,False,0.8400000000000001,0.8,,
829,-0.4194859558468902,B,-2.319091397206484,,,False,0.28500000000000003,-0.425,,
830,-0.05947736904345444,B,2.1143176240039425,,,False,0.47000000000000003,-0.0625,,
831,-0.6458278305701916,B,2.8355405268447713,,,False,0.215,-0.65,,
832,0.5728271712472789,B,3.35644512378911,,,False,0.76,0.575,,
833,-0.8734756811753339,B,-4.121047680568365,,,False,0.13,-0.875,,
834,0.09034866274836358,B,-0.8564654769018181,1.2978505752586156,-0.0025114554320654343,False,0.545,0.0875,0.5549999999999999,1.3
835,0.16755389744462895,B,-1.43144000470442,,,False,0.585,0.1625,,
836,-0.6370493103108743,B,-1.0768467766303893,,,False,0.22000000000000003,-0.6375,,
837,-0.5824115101904929,B,-2.304386903358227,,,False,0.23500000000000001,-0.5875,,
838,0.6084730441796771,B,0.268831975863152,,,False,0.77,0.6125,,
839,-0.2807571949833706,B,-2.190652642762602,,,False,0.36,-0.275,,
840,0.6787658152762707,B,-1.3053724995870946,,,False,0.805,0.675,,
841,-1.4859122903767872,B,1.5254500526863748,,,False,0.03,-1.4875,,
842,-0.5617539215833846,B,1.2515595030932931,,,False,0.24,-0.5625,,
843,-1.0086687055453758,B,0.3474950295969672,,,False,0.095,-1.0125,,
844,-0.39550805504123215,B,1.7954394923836177,,,False,0.29500000000000004,-0.4,,
845,-0.4789669903163047,B,-1.885638048175889,,,False,0.27,-0.475,,
846,-1.0288836310005436,B,-1.2862582927043973,,,False,0.09,-1.025,,
847,0.10632784405318424,B,0.9158278825337516,,,False,0.5549999999999999,0.1125,,
848,-0.701905501834497,B,-0.5519259794957565,,,False,0.19,-0.7,,
849,1.7769093876629742,B,4.049649490511458,,,False,0.99,1.775,,
850,-0.30367125798453937,B,0.3794325277067259,,,False,0.34500000000000003,-0.3,,
851,-0.8987784301394193,B,-3.4469377257909213,,,False,0.12,-0.9,,
852,-0.34362607315815746,B,-2.4651389478781254,,,False,0.32,-0.3375,,
853,-1.492492550835047,B,-5.703469143213317,,,False,0.03,-1.4875,,
854,-0.3957500427435351,B,-1.8802871516346693,,,False,0.29500000000000004,-0.4,,
855,-0.014237706990080534,B,-0.7536514910313172,,,False,0.49000000000000005,-0.0125,,
856,0.5381063741104606,B,1.8596332005256566,,,False,0.74,0.5375,,
857,-0.042903128914413606,B,-2.2505770448951115,,,False,0.475,-0.0375,,
858,-1.0235676523931236,B,-2.5221533631872797,,,False,0.095,-1.025,,
859,0.0346733650755977,B,2.762005893599189,,,False,0.515,0.0375,,
860,-0.3314240147870231,B,-0.47442085227002995,,,False,0.335,-0.3375,,
861,0.04252443594903729,B,2.1291125903535493,,,False,0.525,0.0375,,
862,-0.503428589427198,B,-1.7379487157889635,,,False,0.26,-0.5,,
863,0.7332134603336403,B,5.5695501092897075,,,False,0.825,0.7375,,
864,-0.9908226449785611,B,-4.2912404820432055,,,False,0.1,-0.9875,,
865,1.3014841706190894,B,4.611742982930949,,,False,0.9550000000000001,1.3,,
866,-0.18371966922686492,B,2.397272882581398,,,False,0.395,-0.1875,,
867,-0.10485127685931418,B,-1.955574420431934,,,False,0.43499999999999994,-0.1,,
868,-0.9136662025220673,B,-1.3103653784464164,,,False,0.11499999999999999,-0.9125,,
869,-0.8492670479683696,B,-2.7335183130762277,,,False,0.135,-0.85,,
870,-0.2703292730867181,B,-2.87929758493867,,,False,0.36,-0.275,,
871,-0.47317942590307704,B,-1.0081844131041953,,,False,0.27,-0.475,,
872,1.4393406826215884,B,0.24568048947419863,,,False,0.97,1.4375,,
873,0.09650751274110136,B,6.169850335981851,,,False,0.545,0.1,,
874,-0.5561045263872152,B,0.41629006657161505,,,False,0.24,-0.55,,
875,-1.0519325489387643,B,0.03070217618195481,,,False,0.08499999999999999,-1.05,,
876,0.03877356727935684,B,1.3992699412953984,,,False,0.52,0.0375,,
877,1.2068681273976887,B,3.3928339189203376,,,False,0.9400000000000001,1.2125,,
878,0.6695487323181979,B,0.6165001432619321,,,False,0.795,0.675,,
879,-0.3119070516732345,B,2.2162797820636024,,,False,0.34500000000000003,-0.3125,,
880,-1.1048075363867864,B,2.94149351152509,,,False,0.08,-1.1,,
881,-0.09268530386651573,B,-0.31347535861679504,,,False,0.445,-0.0875,,
882,0.16435940071782423,B,-0.48539305191569143,,,False,0.585,0.1625,,
883,1.430538403100261,B,3.366296673913723,,,False,0.97,1.425,,
884,0.3926532689890088,B,2.6259594616292663,,,False,0.6799999999999999,0.3875,,
885,-0.39859828586387647,B,-4.54533245310342,,,False,0.29,-0.4,,
886,-0.5694672331483586,B,-1.0298393899144926,,,False,0.24,-0.575,,
887,-0.5137294952624974,B,-2.090933497386712,,,False,0.255,-0.5125,,
888,0.3958466038936873,B,-0.010590572842715695,,,False,0.6849999999999999,0.4,,
889,1.1661142950084664,B,1.039082323210574,,,False,0.9349999999999999,1.1625,,
890,-0.05700184284324607,B,-0.39134749798919216,,,False,0.47000000000000003,-0.0625,,
891,2.097621029481106,B,2.919826545700244,,,False,1.0,2.1,,
892,0.4005399123134117,B,8.663457668849755,,,False,0.6900000000000001,0.4,,
893,0.04721438631740016,B,-3.13757701168976,,,False,0.525,0.05,,
894,1.0734222036521863,B,2.913165932743585,,,False,0.9199999999999999,1.075,,
895,1.2276922147164078,B,-1.9252172102931977,,,False,0.95,1.225,,
896,-0.7507740509245714,B,-2.8093356512845875,,,False,0.175,-0.75,,
897,-0.22885519801312842,B,7.517074251793005,,,False,0.375,-0.225,,
898,0.24189184379485218,B,2.4967071115635275,,,False,0.625,0.2375,,
899,1.3928212070486117,B,4.740214302496786,,,False,0.9650000000000001,1.3875,,
900,1.2001972035286625,B,1.6477382518132226,,,False,0.9400000000000001,1.2,,
901,-0.10041685702382706,B,1.3605220465769292,,,False,0.44000000000000006,-0.1,,
902,-1.0133767169437164,B,-1.5069467224888753,,,False,0.095,-1.0125,,
903,-1.8983781292800175,B,-5.583930130513714,,,False,0.01,-1.9,,
904,0.8062072896949248,B,-2.1162186733913426,,,False,0.845,0.8,,
905,-0.03240936544588082,B,4.107865214083624,,,False,0.485,-0.0375,,
906,0.10016133840649287,B,2.448042999969773,,,False,0.55,0.1,,
907,0.12854932810804373,B,0.31530330162451026,,,False,0.5700000000000001,0.125,,
908,1.1990399010693638,B,2.159610716141588,,,False,0.9400000000000001,1.2,,
909,0.4248801673012763,B,-2.8749578101747257,,,False,0.7,0.425,,
910,0.735996644326999,B,2.6647953676431753,,,False,0.825,0.7375,,
911,-0.25794616605185045,B,-1.6323572830653292,,,False,0.365,-0.2625,,
912,0.131346327075953,B,2.5517605551063918,,,False,0.575,0.1375,,
913,0.652582794671733,B,-0.4785229053999126,,,False,0.79,0.65,,
914,-1.723453319678373,B,4.726656601820548,,,False,0.015,-1.725,,
915,0.8660442834412042,B,-1.4282358950792164,,,False,0.86,0.8625,,
916,1.22719166770614,B,6.431642783123591,,,False,0.945,1.225,,
917,1.241676222500643,B,-1.4345495166734221,,,False,0.95,1.2375,,
918,-1.6419167942162924,B,-3.754692932849992,,,False,0.015,-1.6375,,
919,1.656333149584727,B,-2.747900852537322,,,False,0.985,1.6625,,
920,-1.2844024022564504,B,-1.3480146341841956,,,False,0.05,-1.2875,,
921,-0.782921199228506,B,-1.142330514473336,,,False,0.16,-0.7875,,
922,-0.040229762343311146,B,2.498824046239291,,,False,0.475,-0.0375,,
923,-0.7613265099734892,B,2.0655085353990934,,,False,0.16999999999999998,-0.7625,,
924,0.4522602244317693,B,0.6788864428778261,,,False,0.7150000000000001,0.45,,
925,1.9872013078161836,B,-0.447400686883231,,,False,0.9949999999999999,1.9875,,
926,0.9338722128825571,B,3.434240864787672,,,False,0.875,0.9375,,
927,-0.0022712172121945986,B,-3.8299851857427334,,,False,0.5,-0.0,,
928,-0.20416346562467313,B,-1.6595348578363316,,,False,0.385,-0.2,,
929,1.1413081233966804,B,2.8925750643440393,,,False,0.9349999999999999,1.1375,,
930,0.344144713054225,B,2.753724191609681,,,False,0.665,0.35,,
931,-0.10306779962929347,B,-0.9367112780703781,,,False,0.43499999999999994,-0.1,,
932,-1.0703311593863867,B,-1.1203352296165099,,,False,0.08,-1.075,,
933,-0.11625591663007917,B,1.3219426763609086,,,False,0.425,-0.1125,,
934,-0.34742096746497503,B,-3.905181770614787,,,False,0.315,-0.35,,
935,-0.1486677429419676,B,1.769568271553538,,,False,0.41,-0.15,,
936,0.1817805258196831,B,0.32341215473610696,,,False,0.595,0.1875,,
937,0.2538007447854099,B,-1.7248255845674763,,,False,0.635,0.25,,
938,-0.7455831257720673,B,-1.3762789643192161,,,False,0.18,-0.75,,
939,-1.552080585696029,B,-2.82585758876259,,,False,0.025,-1.55,,
940,-0.08575484155121994,B,4.61212574604423,,,False,0.45,-0.0875,,
941,-1.8234052498295847,B,-1.311732898015995,,,False,0.01,-1.825,,
942,0.3565934215033478,B,-2.9519444650997326,,,False,0.665,0.3625,,
943,1.0018202010472057,B,1.0152464661807552,,,False,0.9,1.0,,
944,0.9972955193827523,B,0.6287389309975876,,,False,0.8949999999999999,1.0,,
945,0.32996331981389143,B,0.39277664686508873,,,False,0.6599999999999999,0.325,,
946,1.2640375841698768,B,-0.5633845596151492,,,False,0.95,1.2625,,
947,-0.06142248287743605,B,1.8937070485630203,,,False,0.465,-0.0625,,
948,-1.018349440424678,B,3.0847925526287394,,,False,0.095,-1.0125,,
949,-0.48120430441006234,B,1.1369289913154113,,,False,0.265,-0.475,,
950,0.2332333376989208,B,0.09284544321630886,,,False,0.62,0.2375,,
951,1.3727676823025514,B,1.1472350106452587,,,False,0.9650000000000001,1.375,,
952,0.2594307379446923,B,-5.637986138495716,,,False,0.635,0.2625,,
953,0.2033071016936235,B,0.9049622812426209,,,False,0.605,0.2,,
954,0.42192774879646233,B,1.14320749246184,,,False,0.6950000000000001,0.425,,
955,0.09635487244925293,B,0.2462138774149572,,,False,0.545,0.1,,
956,-0.033790858690216426,B,3.436202837510375,,,False,0.48,-0.0375,,
957,-0.3975641268202689,B,3.6290239616029423,,,False,0.29,-0.4,,
958,0.35940070508219396,B,0.10175454174211584,,,False,0.665,0.3625,,
959,-0.04300337256272204,B,3.6099704787518045,,,False,0.47000000000000003,-0.0375,,
960,0.3516861031478243,B,-2.3072901954688114,,,False,0.665,0.35,,
961,-0.8299441018360271,B,-0.7721005433315344,,,False,0.145,-0.825,,
962,-0.39731794780599333,B,1.9657876676268988,,,False,0.29,-0.4,,
963,-0.3468341124617877,B,0.5326259270515898,,,False,0.32,-0.35,,
964,-0.540405725180243,B,0.6311303240721042,,,False,0.25,-0.5375,,
965,0.5882622962119597,B,-0.2480677474052302,,,False,0.77,0.5875,,
966,-0.07647604717837247,B,-1.4527199148184757,,,False,0.45499999999999996,-0.075,,
967,0.809314625622035,B,3.4582971084015544,,,False,0.845,0.8125,,
968,-0.3239972159335188,B,0.6098704265004251,,,False,0.33999999999999997,-0.325,,
969,0.8627515499596302,B,5.333907243039276,,,False,0.86,0.8625,,
970,1.1279177084253393,B,0.4141570522896597,,,False,0.93,1.125,,
971,-0.9690196437869465,B,3.3006946068904854,,,False,0.10500000000000001,-0.975,,
972,-0.5778645436340247,B,-2.2122079824606704,,,False,0.23500000000000001,-0.575,,
973,-1.4419390958170817,B,0.14775411983332343,,,False,0.034999999999999996,-1.4375,,
974,0.8187780121882218,B,2.352093461682797,,,False,0.85,0.825,,
975,0.10077233440761198,B,2.901052477497202,,,False,0.55,0.1,,
976,-0.5207160660802748,B,0.7921808377548887,,,False,0.255,-0.525,,
977,-0.29429391025302654,B,-0.520053370872799,,,False,0.35,-0.3,,
978,-0.13318902720977346,B,-2.941738688448716,,,False,0.42000000000000004,-0.1375,,
979,-1.2683307163885913,B,-1.0001820598526265,,,False,0.05,-1.2625,,
980,0.45659607552661063,B,-0.2699982016928464,,,False,0.72,0.4625,,
981,-0.7119933503709782,B,-4.368140531709861,,,False,0.19,-0.7125,,
982,1.101495752624521,B,-0.034669744703257566,,,False,0.925,1.1,,
983,-1.1953130828195708,B,-2.175892109438046,,,False,0.065,-1.2,,
984,0.5735567854958561,B,-0.560452653221293,,,False,0.76,0.575,,
985,0.1274468308764192,B,4.853541842747463,,,False,0.5700000000000001,0.125,,
986,-0.7896795466721963,B,-0.14767715902531575,,,False,0.155,-0.7875,,
987,-0.3074158419571282,B,2.6634750644284138,,,False,0.34500000000000003,-0.3125,,
988,-0.09920923344959853,B,-4.530488793537463,,,False,0.44000000000000006,-0.1,,
989,-0.14964095224931812,B,-3.1473877051855625,,,False,0.41,-0.15,,
990,-0.9372193415755715,B,1.924306847258133,,,False,0.11000000000000001,-0.9375,,
991,1.058816845568763,B,1.323558558176688,,,False,0.915,1.0625,,
992,-1.264066126908889,B,2.4710476373259738,,,False,0.05,-1.2625,,
993,0.46262815642734995,B,0.7297137095719578,,,False,0.72,0.4625,,
994,-0.14551292937569815,B,-4.328544817590811,,,False,0.41500000000000004,-0.15,,
995,-2.254324605102611,B,0.046124254098086404,,,False,0.005,-2.25,,
996,0.7714155938998867,B,-0.4029873887024996,,,False,0.835,0.775,,
997,-3.3743771039041923,B,-1.9321592108218848,,,False,0.0,-3.375,,
998,-0.2185002829054693,B,-1.5438617785130258,,,False,0.38,-0.2125,,
999,-0.33124593067721214,B,1.5501969481533466,,,False,0.335,-0.325,,
